tenure_months,monthly_charges,support_tickets,promo_weeks_last_quarter,is_monthly,region_north,churned
10,41.43,1,0,1,0,0
10,68.76,0,2,0,0,0
57,49.12,1,1,0,0,0
36,87.28,2,1,0,0,1
42,37.73,0,1,1,0,0
43,64.81,1,1,1,0,0
51,77.27,1,0,0,0,0
3,35.08,0,1,0,0,0
35,64.94,2,3,1,0,0
11,65.66,1,0,1,1,1
29,46.45,1,1,0,0,0
66,58.25,1,3,1,1,0
39,82.74,0,0,1,0,0
5,67.59,1,2,0,0,0
39,54.18,3,0,0,1,0
10,58.35,2,1,1,0,1
54,71.63,1,1,0,0,0
68,88.27,2,2,1,0,1
70,78.65,0,2,1,0,0
45,77.33,1,0,0,0,0
62,94.2,0,0,1,0,0
27,31.21,1,1,0,0,0
11,33.38,0,0,1,1,0
37,16.44,2,1,1,0,0
32,79.28,0,2,1,0,0
48,16.11,0,1,1,0,0
71,61.48,0,1,1,1,0
20,77.59,2,2,0,0,1
61,34.12,2,2,0,0,0
10,48.96,0,3,0,0,0
25,56.98,2,1,0,1,0
56,77.01,3,0,1,0,1
18,31.62,0,2,1,0,0
48,68.68,3,3,1,0,1
33,76.3,0,2,1,1,0
37,65.1,2,2,0,0,0
67,65.39,2,1,1,0,1
58,87.37,3,1,1,0,0
60,66.64,1,3,0,0,0
39,61.72,0,1,1,1,0
70,55.42,2,1,1,0,0
70,75.27,2,2,1,1,0
10,56.33,0,2,1,1,1
15,75.3,0,3,1,1,0
22,64.15,2,1,0,0,0
40,84.85,2,1,0,0,0
59,46.21,0,0,1,0,0
35,63.62,1,0,1,0,0
70,69.13,1,2,0,0,0
26,70.42,1,0,1,0,1
66,84.86,1,1,0,0,0
43,70.02,2,2,0,0,0
52,80.28,0,0,0,0,0
17,101.5,3,2,1,0,1
43,79.03,2,3,1,0,0
57,40.85,1,1,1,1,0
63,33.43,1,1,1,1,0
62,75.54,2,3,1,1,0
69,54.52,1,0,0,1,0
10,67.92,0,0,1,0,0
56,58.6,0,3,1,1,0
34,88.32,1,0,1,0,1
49,86.15,3,3,1,0,0
20,39.46,1,0,1,0,0
2,67.56,1,1,1,1,1
6,56.04,1,3,1,0,1
70,35.81,0,3,0,0,0
64,75.05,2,2,1,0,0
22,59.18,2,2,1,1,0
31,70.94,3,0,0,1,0
18,111.71,1,3,0,0,1
11,88.69,0,3,0,0,0
61,84.19,2,0,1,0,0
48,53.88,1,1,0,0,0
6,38.36,0,0,0,0,0
15,87.07,1,0,0,1,1
41,55.97,2,2,1,0,0
65,62.94,0,1,1,0,0
71,54.5,2,0,1,0,0
16,64.05,1,0,0,0,0
44,110.27,0,1,0,0,0
3,55.72,3,0,1,0,1
13,56.38,0,0,0,0,0
15,66.08,1,1,0,0,1
32,67.73,0,3,0,1,0
25,37.96,1,3,1,0,1
52,26.43,3,0,1,1,0
34,50.3,1,2,0,1,0
25,57.68,1,1,1,0,1
65,46.14,0,0,0,0,0
45,41.81,1,3,1,1,0
50,43.0,0,2,1,0,0
53,53.87,1,2,1,1,0
25,59.33,1,2,0,1,0
64,29.05,0,0,1,0,0
2,50.67,0,3,1,0,0
22,68.73,2,1,1,0,1
12,59.11,0,2,1,0,0
1,34.37,0,2,1,0,0
71,54.41,2,2,1,0,0
7,61.14,3,1,1,0,1
33,76.89,1,2,1,0,0
59,28.97,2,3,0,0,0
50,75.17,1,2,1,0,0
61,52.22,6,1,0,0,1
4,65.52,3,2,1,0,0
36,75.09,2,0,0,0,1
3,44.02,4,3,1,0,1
14,45.29,2,1,0,1,0
61,59.13,1,3,1,0,0
6,75.89,2,0,1,0,1
42,50.5,0,0,0,1,0
2,33.11,0,2,0,0,0
22,47.43,1,1,1,1,1
67,68.98,1,1,1,0,0
23,84.46,1,3,1,0,1
22,51.15,3,0,1,1,1
7,54.77,1,1,1,1,0
56,57.65,0,2,1,0,0
13,58.52,0,1,1,1,1
36,42.29,0,2,1,1,0
2,52.37,2,0,1,0,1
2,65.45,0,2,1,1,1
60,63.2,0,2,0,1,0
1,61.58,0,2,1,1,1
34,41.08,0,2,1,0,0
31,50.18,0,1,1,0,0
10,46.91,0,1,0,0,0
46,82.07,1,1,0,0,0
53,90.09,0,2,0,0,0
70,67.94,0,0,1,0,0
14,92.89,5,0,1,1,1
66,55.3,1,3,0,1,0
5,55.39,1,0,1,0,1
11,35.34,2,3,1,0,0
43,65.75,2,1,0,0,0
62,52.13,2,3,0,1,0
64,63.03,0,3,0,0,0
53,70.89,0,0,1,0,0
2,56.4,1,3,1,0,0
30,38.9,1,0,1,0,0
58,60.35,1,1,1,0,0
38,59.8,2,3,1,0,0
14,61.81,2,3,1,1,0
49,74.67,1,0,1,0,0
7,57.02,2,0,1,0,1
50,55.99,1,1,1,0,1
2,95.71,0,0,1,0,1
26,82.64,0,2,0,1,0
21,59.55,1,0,1,0,0
67,42.84,0,3,1,0,0
52,52.56,0,1,0,1,0
47,68.98,0,0,1,0,1
36,78.16,2,1,0,1,0
21,109.19,1,3,1,0,0
61,56.66,1,3,1,0,0
68,64.59,0,3,1,1,0
16,54.55,1,0,1,1,0
18,63.24,1,0,1,0,0
23,54.09,3,3,0,0,0
34,40.53,2,3,0,0,0
19,81.97,2,2,0,0,1
29,64.29,0,3,1,0,0
70,87.22,0,1,0,0,0
27,51.84,0,3,0,0,0
67,67.04,1,0,1,0,0
36,74.88,2,3,1,0,0
25,24.74,1,0,1,1,1
67,35.8,1,0,0,0,0
31,76.8,1,0,1,1,1
55,63.95,1,2,0,0,0
23,25.68,4,1,0,0,0
71,47.41,1,2,1,1,0
54,41.25,1,3,1,0,0
63,52.51,1,3,1,0,0
3,92.63,0,1,0,0,1
8,50.77,0,3,1,0,0
5,102.2,2,0,0,0,1
38,57.19,0,1,0,0,0
29,47.68,2,0,0,0,0
70,93.17,2,0,1,0,0
18,80.96,2,3,1,0,0
12,89.52,1,3,1,0,0
61,100.73,0,3,1,0,0
22,83.36,2,0,1,0,1
53,86.54,2,1,1,1,0
21,28.44,1,2,0,0,0
39,46.15,2,3,0,0,0
6,71.22,1,1,0,1,1
47,66.57,0,1,1,1,0
66,76.8,1,2,1,0,0
50,53.18,2,0,1,0,1
63,84.61,0,3,1,0,0
56,102.57,2,3,1,0,0
41,74.29,1,2,1,0,1
66,79.31,3,3,0,0,0
35,72.83,2,0,1,0,1
11,81.2,0,2,1,0,1
40,67.11,1,1,0,0,0
45,52.94,0,3,1,0,0
13,66.82,1,2,1,0,0
11,65.08,1,2,1,0,1
48,32.74,2,2,1,0,0
32,67.58,3,3,1,1,1
35,63.48,0,1,1,0,0
56,67.07,2,0,1,0,0
49,52.11,1,0,1,0,0
64,72.49,0,0,1,0,0
12,75.3,0,1,1,0,0
54,48.96,0,1,0,1,0
39,69.33,4,0,1,0,0
3,78.36,1,1,1,0,1
6,77.62,0,2,1,0,0
26,44.67,1,2,1,0,0
46,42.61,2,2,0,0,0
12,63.29,4,2,0,0,1
39,42.03,2,2,0,0,0
71,112.12,2,0,0,0,0
11,46.57,2,0,1,1,1
11,46.79,1,1,1,0,0
69,75.23,1,3,0,1,0
18,53.09,1,3,1,1,0
63,15.94,0,3,1,1,0
26,59.33,0,3,1,1,0
54,42.62,1,2,1,0,0
5,51.69,1,1,1,0,0
45,30.03,1,2,1,0,0
62,43.99,0,3,0,0,0
25,58.52,3,1,1,0,1
46,60.14,1,2,0,1,0
16,39.56,2,3,1,0,0
12,47.32,0,3,1,0,0
1,44.56,0,3,1,0,0
36,64.09,1,0,0,1,0
38,58.31,0,0,1,0,0
6,36.52,0,3,0,1,0
17,73.83,1,3,0,0,0
44,47.3,3,3,1,0,0
26,68.73,2,0,1,1,1
17,42.92,1,3,1,0,0
1,66.85,2,2,1,1,1
3,58.58,1,3,1,0,0
46,62.0,3,3,0,1,0
9,70.83,1,0,0,0,1
60,69.54,1,1,0,1,0
40,64.13,0,3,1,0,0
18,64.08,3,1,1,1,1
46,35.76,1,3,0,0,0
12,59.47,3,2,1,0,1
24,17.6,3,1,1,0,0
36,16.6,1,3,0,1,0
46,54.68,2,3,0,0,0
10,56.43,0,2,0,0,0
25,90.35,1,0,1,1,1
7,73.98,1,1,0,0,0
10,82.74,0,1,0,0,0
16,54.78,2,2,1,0,0
23,69.65,1,0,1,0,1
65,83.91,1,1,0,0,0
29,71.41,0,2,1,0,0
8,68.01,1,2,1,0,1
65,63.11,1,2,0,0,0
41,42.95,1,1,0,1,0
9,43.5,1,1,1,0,1
6,32.91,0,0,1,0,0
7,69.27,0,1,0,0,0
65,55.9,1,3,1,1,0
40,47.95,0,0,0,0,0
49,68.33,2,0,1,0,0
69,50.01,2,1,1,0,0
29,81.99,1,0,1,0,0
65,99.08,0,1,0,0,0
29,70.33,0,2,1,0,1
50,47.82,0,0,1,0,0
59,31.93,1,1,1,0,0
5,101.22,1,2,1,0,0
53,70.4,0,0,1,0,0
58,38.29,1,3,0,0,0
69,82.73,1,0,1,0,0
49,28.6,2,3,1,0,0
35,52.83,1,1,1,0,0
11,56.84,0,2,0,0,1
55,54.43,0,0,1,0,0
34,39.03,0,2,0,0,0
58,108.92,0,1,1,0,0
4,53.7,1,0,1,1,1
25,69.16,1,3,0,1,1
57,62.28,3,0,0,0,1
44,29.95,2,2,0,0,0
52,50.74,0,2,1,0,0
42,65.75,1,0,0,0,0
58,80.05,0,3,1,0,0
59,54.79,2,1,1,0,0
54,68.9,3,3,1,1,0
48,54.94,5,2,0,0,0
19,73.3,0,2,0,0,0
6,15.0,0,0,1,1,1
57,73.57,0,2,0,0,0
25,49.35,0,1,0,0,0
18,50.19,3,0,0,1,1
1,15.0,1,0,1,0,1
10,40.61,0,2,1,1,0
3,73.87,2,2,1,1,0
28,107.55,1,3,1,0,0
22,47.77,1,1,0,0,0
36,48.63,0,2,1,0,0
41,71.49,1,3,1,0,0
21,67.45,0,3,0,1,0
38,50.1,2,3,1,0,0
44,58.44,1,1,1,1,1
48,54.18,0,0,1,1,0
43,74.09,3,1,1,0,0
3,77.57,2,1,0,0,1
18,96.76,1,2,0,0,1
57,80.06,0,0,1,0,0
45,75.1,2,2,1,0,1
21,64.97,2,3,1,0,0
26,80.49,1,2,1,1,0
66,42.31,0,2,1,0,0
53,104.76,1,2,0,0,1
27,67.5,2,3,1,0,1
21,89.99,2,3,1,0,1
10,46.1,1,2,1,0,1
57,82.43,1,3,1,0,0
45,69.91,2,3,0,1,0
30,58.25,1,3,1,1,1
50,48.66,0,0,1,1,0
40,44.45,1,0,1,0,0
38,97.75,1,1,0,1,0
48,86.25,2,2,1,0,0
55,64.27,2,0,1,1,1
37,65.87,3,3,0,0,1
30,47.52,0,1,1,0,0
19,25.44,0,2,1,0,0
22,26.33,1,3,0,0,0
70,49.88,0,3,1,0,0
14,58.91,1,2,0,0,0
7,38.65,2,1,1,1,1
44,77.87,0,0,0,0,0
24,72.27,1,0,1,0,1
7,65.2,2,0,1,0,1
39,26.93,3,0,0,1,0
54,57.71,0,2,1,0,0
3,61.39,1,3,1,0,1
35,36.84,0,0,1,1,0
11,18.4,0,0,0,0,0
41,100.2,0,3,1,1,0
57,74.37,1,0,1,0,0
58,54.31,0,2,1,0,0
56,93.87,2,1,0,0,0
21,84.17,1,3,0,0,0
46,70.93,2,1,0,0,0
47,66.5,3,0,0,1,1
65,77.55,1,1,1,0,0
50,91.2,2,0,0,0,0
54,63.38,0,3,0,0,0
7,57.38,2,1,1,0,1
22,73.62,0,0,1,0,1
27,15.0,2,2,0,0,0
46,63.74,2,1,1,0,0
62,53.85,4,2,1,1,0
25,61.64,1,0,1,0,1
36,58.3,1,1,1,0,0
54,68.73,0,1,1,1,0
14,64.08,0,0,1,1,0
28,63.34,1,3,1,0,1
14,59.34,1,0,1,0,1
11,71.08,1,0,1,1,1
50,51.84,2,2,1,1,0
63,81.63,0,3,1,0,0
11,28.34,1,3,0,0,0
50,66.06,1,3,0,0,0
50,71.03,2,2,1,0,0
53,36.57,1,3,1,1,0
50,53.39,1,2,1,0,0
40,88.47,0,2,1,0,0
9,59.36,2,2,1,0,1
56,44.35,0,1,1,1,0
14,15.0,1,2,1,1,0
32,68.8,1,1,1,1,0
68,64.04,3,0,0,0,0
41,74.2,3,2,0,0,0
21,102.98,0,0,1,0,1
5,61.92,4,3,1,1,1
19,64.67,2,2,1,1,1
40,48.27,0,2,0,0,0
61,60.77,1,1,1,1,0
58,61.42,2,2,0,0,0
16,77.1,1,3,0,0,0
51,73.08,1,3,0,0,0
47,46.72,1,0,0,1,0
58,52.49,2,1,0,0,0
36,89.57,1,0,1,0,1
36,42.8,1,2,1,0,0
30,76.94,1,3,0,0,0
63,94.48,0,2,1,1,0
38,75.07,1,2,0,0,0
8,67.06,2,0,1,0,1
36,89.29,3,0,1,0,1
63,69.07,2,1,1,0,0
60,61.82,1,1,1,1,0
27,57.94,2,1,1,0,1
63,84.96,2,0,0,1,0
7,75.9,0,3,0,1,0
54,92.89,3,1,1,0,1
44,55.28,1,3,0,0,0
1,55.74,0,3,0,1,0
33,53.28,2,0,1,1,1
28,67.6,0,3,0,0,0
31,48.15,3,3,1,0,0
19,80.51,1,3,0,0,0
61,68.77,1,3,1,0,0
59,42.36,1,3,1,0,0
10,15.0,3,3,1,0,0
55,25.47,0,3,1,0,0
44,90.76,1,2,1,0,1
14,60.76,1,0,0,0,1
30,64.93,0,3,1,0,0
20,53.48,0,2,0,1,0
38,69.86,0,3,1,1,0
10,23.55,0,0,0,0,0
36,21.96,0,0,1,1,0
9,29.24,3,3,1,1,0
10,63.29,0,3,0,0,0
61,76.03,2,1,1,0,0
37,71.44,1,1,0,0,0
21,59.42,3,2,0,1,0
62,36.32,2,2,1,0,0
24,77.87,0,1,0,0,1
13,56.3,1,0,0,1,0
64,61.53,0,0,0,0,0
1,60.45,0,2,1,0,1
67,52.55,2,1,0,0,0
5,47.45,3,1,1,0,1
58,50.1,0,0,0,0,0
33,36.08,0,0,0,1,0
9,66.89,1,3,1,0,1
70,58.44,2,2,1,1,0
31,82.27,2,3,1,0,0
4,25.68,0,3,0,1,0
52,85.36,2,2,0,0,0
71,60.48,0,0,0,1,0
12,58.66,3,3,1,1,1
39,45.8,1,0,1,0,0
66,45.57,0,3,1,0,0
9,32.03,4,2,0,0,0
57,79.89,1,2,1,0,0
30,57.63,3,3,1,0,1
4,76.26,2,3,1,0,1
15,78.46,3,0,0,0,1
61,51.92,2,0,0,0,0
51,57.15,2,0,1,0,1
63,55.01,2,1,0,1,0
39,82.46,0,2,1,1,0
10,64.55,1,1,1,1,1
21,65.3,0,1,1,1,0
22,76.35,1,1,0,1,0
19,60.42,0,1,1,1,0
6,102.82,3,2,1,0,1
62,43.38,1,3,0,0,0
7,87.03,0,0,0,0,1
55,90.05,0,3,1,0,0
51,39.12,0,1,1,0,0
31,79.22,1,3,1,0,1
45,67.59,1,3,1,1,0
29,79.39,0,1,1,0,0
38,37.95,0,0,0,0,0
53,66.86,1,1,0,0,0
33,42.39,1,2,1,1,0
69,55.36,1,3,1,0,0
60,90.4,1,1,1,0,0
6,59.3,2,2,1,0,1
65,16.96,2,0,1,0,0
12,34.02,1,1,0,0,0
15,39.2,2,0,1,1,1
26,82.31,1,3,1,0,0
58,48.04,1,1,1,0,0
37,30.86,1,0,0,1,0
54,84.33,1,0,0,0,0
6,67.01,2,3,0,1,1
54,68.85,1,3,0,0,0
4,46.02,0,2,0,1,0
18,90.55,1,2,1,0,0
16,59.54,1,0,1,1,1
60,22.52,4,0,0,0,0
28,39.24,1,0,1,0,0
55,45.15,3,2,1,0,0
53,58.78,3,0,1,0,1
50,77.29,1,2,0,0,0
44,47.46,1,3,1,0,0
62,49.98,1,2,1,0,0
3,106.09,0,2,1,0,1
48,63.65,1,1,1,0,0
4,51.42,0,2,0,1,0
45,62.66,1,0,0,0,0
33,36.96,2,0,1,0,1
70,72.7,0,0,1,0,0
63,81.37,0,0,1,0,0
5,50.35,0,0,1,0,1
65,82.03,1,0,1,0,1
13,56.19,2,3,1,1,0
26,67.76,1,1,1,0,1
38,47.17,3,3,1,0,1
64,45.98,1,3,1,0,0
25,32.01,2,3,1,0,0
66,66.39,1,0,1,1,0
22,56.32,1,2,1,0,1
29,56.93,0,0,1,1,0
66,39.42,2,2,0,0,0
53,38.64,1,0,0,0,0
49,49.36,1,0,1,1,0
26,71.39,2,1,0,0,1
1,68.02,2,1,1,0,1
11,48.35,1,0,0,1,1
23,67.87,1,3,1,1,1
41,97.15,2,2,1,1,1
62,64.12,2,3,0,0,0
7,102.44,1,3,1,0,1
5,70.67,1,2,1,0,1
48,88.62,3,3,0,0,0
18,51.42,0,2,1,1,0
58,85.47,0,2,0,1,0
42,38.31,1,1,0,0,0
65,66.86,2,0,0,1,0
33,55.3,3,3,1,0,0
32,22.06,3,0,0,0,0
56,34.7,2,3,1,0,0
9,84.63,1,0,0,0,1
16,71.79,0,3,0,0,0
65,87.89,1,2,1,0,0
11,65.89,0,0,1,0,1
62,15.0,1,1,1,0,0
50,66.98,3,1,1,1,0
69,50.58,0,1,0,0,0
20,51.89,1,3,0,0,0
43,52.96,1,0,1,0,0
3,46.63,0,0,0,0,0
48,42.75,2,2,1,0,0
4,86.78,1,2,1,0,1
27,70.87,1,0,1,0,0
24,48.86,1,1,1,0,0
14,53.48,2,0,0,1,0
39,81.4,0,2,1,0,0
21,69.54,1,3,1,1,0
7,65.82,1,1,1,1,0
52,37.38,3,2,0,1,0
14,53.21,0,1,0,0,0
24,39.19,2,1,1,0,1
23,23.55,2,1,0,1,0
50,79.76,2,0,1,0,1
52,55.31,1,2,1,1,0
36,53.62,0,2,0,0,0
6,42.65,1,1,1,1,0
32,76.99,1,3,0,1,0
51,103.71,1,3,1,0,0
69,73.55,0,0,1,1,0
69,80.44,0,1,1,0,0
12,36.94,2,1,0,0,0
18,65.36,4,0,0,1,1
35,66.21,4,0,1,0,1
19,91.64,0,3,0,1,0
12,62.03,1,0,0,0,0
16,42.96,0,1,0,0,0
67,60.51,1,1,1,1,0
51,53.14,2,0,1,1,0
35,90.75,2,0,1,1,1
40,75.12,0,3,1,1,0
24,68.64,0,2,0,1,0
39,65.41,1,3,1,0,0
12,78.69,0,1,1,0,1
5,51.99,1,2,1,0,1
43,43.43,3,2,1,1,0
40,24.17,1,1,1,0,0
29,85.52,4,1,1,0,1
33,71.9,0,1,0,1,0
10,74.62,1,1,0,0,0
61,62.61,1,3,0,0,0
3,95.0,0,0,1,0,1
34,42.12,2,2,1,1,0
28,85.82,1,1,1,0,0
56,44.86,1,1,1,0,0
42,52.68,1,2,1,0,1
14,37.37,1,2,1,1,0
37,63.5,1,1,0,0,0
43,55.88,3,2,0,0,0
64,70.3,0,0,1,0,0
37,49.94,0,0,0,0,0
65,33.79,0,2,1,0,0
25,72.98,2,1,1,1,1
67,87.37,0,2,1,1,0
68,76.34,1,3,0,0,0
57,60.52,2,3,1,0,0
61,69.68,1,3,1,0,0
34,27.61,1,0,1,1,0
67,54.89,2,0,1,0,0
38,84.78,2,1,1,1,1
42,70.76,3,1,1,0,1
29,44.47,2,3,0,1,0
42,78.67,1,1,0,0,0
29,58.89,2,3,1,1,1
41,76.16,1,1,1,0,1
3,33.38,2,2,1,1,1
5,51.0,4,2,1,0,1
57,68.04,0,1,1,0,0
61,67.59,0,0,1,0,0
18,72.61,0,1,1,0,1
2,61.32,0,1,0,0,0
3,57.57,1,2,1,0,0
56,70.97,2,2,1,0,0
34,78.82,0,3,0,1,0
20,31.26,2,0,0,0,0
51,55.12,1,2,1,0,0
37,57.47,1,3,1,0,0
31,64.7,0,1,0,1,0
7,81.77,1,3,0,1,0
26,35.01,1,3,0,1,0
55,72.2,0,0,0,1,0
47,26.97,2,0,1,0,1
34,46.5,0,2,0,0,0
12,51.13,0,2,1,1,0
46,56.16,1,3,0,0,0
1,49.34,3,3,0,0,0
70,51.3,1,0,1,0,0
43,54.75,1,1,1,0,0
51,56.16,5,1,0,1,0
38,24.77,1,0,0,0,0
25,33.61,2,1,0,0,0
62,52.84,0,2,0,1,0
2,72.09,0,2,1,0,1
30,81.57,3,2,1,0,1
53,118.43,0,3,1,1,1
56,63.72,0,2,1,1,0
18,45.89,1,2,1,0,1
2,65.12,1,2,0,1,1
70,75.14,2,3,1,1,0
2,64.34,0,0,1,1,1
58,40.46,1,0,0,0,0
43,59.57,2,2,1,0,0
1,60.76,2,2,0,0,1
17,33.54,0,0,0,0,0
13,37.54,3,2,0,0,1
5,85.47,0,2,1,0,1
43,17.21,0,2,1,0,0
10,64.95,2,2,0,1,1
24,56.41,3,0,0,0,0
27,89.21,0,3,1,0,0
3,73.74,1,3,0,1,0
24,44.4,1,2,0,0,0
44,86.66,4,2,1,0,1
41,50.44,1,2,1,0,0
39,101.2,0,3,1,0,1
64,94.55,4,2,0,0,1
15,60.03,2,3,0,0,0
26,77.01,2,0,1,0,1
48,65.29,0,3,1,0,0
14,43.69,1,3,0,0,0
22,82.79,1,2,1,0,0
42,70.12,0,0,1,0,0
51,78.58,2,3,1,0,1
1,82.96,1,1,1,0,1
28,89.82,1,1,0,0,0
28,82.32,2,1,0,1,1
23,59.99,1,0,1,0,1
23,63.52,3,3,0,0,0
60,69.99,2,1,1,0,0
28,59.42,0,2,1,0,0
43,57.14,0,2,1,0,0
4,98.78,2,0,0,0,0
55,71.57,1,2,0,0,0
40,99.48,0,3,1,0,0
27,46.6,1,3,1,0,1
45,61.06,1,0,1,0,1
54,53.26,0,1,0,0,0
54,54.15,1,1,1,1,1
61,56.16,0,0,1,0,0
68,59.47,0,2,0,0,0
55,53.29,1,2,0,0,0
26,97.66,1,0,1,1,1
54,75.32,3,1,1,1,1
47,47.17,0,1,1,0,0
24,51.12,2,3,1,1,0
32,76.7,1,0,1,0,1
1,72.73,1,1,1,0,1
16,49.86,2,2,0,0,0
10,80.26,0,0,1,0,1
64,33.58,1,0,1,0,0
66,52.6,1,3,0,0,0
53,96.16,2,1,1,0,1
20,15.0,0,0,0,0,0
67,57.93,0,0,0,0,0
17,81.53,1,2,1,0,0
59,59.09,2,2,0,0,0
55,46.5,0,2,1,0,0
66,44.34,0,1,1,0,0
53,20.76,0,0,0,1,0
10,35.71,1,3,1,0,0
1,63.28,0,0,1,0,1
2,50.69,0,2,1,1,0
70,61.72,0,2,0,1,0
15,59.01,2,2,1,0,1
60,67.61,1,1,0,0,0
30,29.09,2,0,1,0,1
61,55.87,0,0,1,0,0
49,55.26,0,3,0,0,0
5,55.8,0,2,0,1,0
32,44.38,0,0,1,0,0
48,18.56,2,0,0,0,0
37,74.46,0,3,1,0,0
11,78.09,0,0,1,0,1
55,108.9,4,0,1,1,1
50,76.42,1,2,1,0,0
6,94.49,2,2,0,0,1
14,73.76,2,0,1,1,1
49,54.45,1,0,0,0,0
9,71.79,3,1,0,0,1
4,38.87,1,0,1,0,0
27,66.78,0,2,1,1,1
18,59.81,2,2,0,0,0
26,41.09,1,3,1,0,0
52,86.18,0,1,1,1,0
17,84.13,0,2,1,1,0
49,71.13,3,1,0,0,0
42,78.15,2,1,0,0,0
29,94.61,0,1,1,0,1
9,59.37,1,1,0,0,0
21,35.23,2,0,0,1,0
27,43.16,1,2,0,1,0
59,75.84,3,3,1,0,0
1,66.59,1,2,1,1,1
20,32.6,4,2,0,0,1
54,88.22,0,2,1,0,0
3,66.31,2,1,1,1,1
41,94.04,1,1,1,1,0
18,84.46,1,0,1,1,1
34,53.48,3,2,0,0,0
2,64.0,1,1,1,0,0
18,47.57,3,3,0,0,0
58,45.48,2,2,1,1,0
69,56.24,1,2,1,1,0
9,72.08,1,3,1,0,1
64,89.31,1,1,0,0,0
70,44.52,1,3,0,0,0
47,76.11,1,1,1,0,0
16,63.01,1,0,1,1,0
47,57.9,2,0,1,0,0
22,84.66,2,0,0,1,1
25,55.27,2,3,1,1,0
42,89.67,0,3,1,0,0
11,55.76,2,3,0,0,0
22,44.1,0,3,1,0,0
67,77.64,1,2,1,0,0
27,33.52,0,0,1,0,1
45,38.93,0,2,1,0,0
8,58.78,3,0,1,0,1
52,62.54,0,2,0,0,0
28,57.17,1,2,1,0,0
43,23.32,0,2,1,0,0
2,36.01,3,2,1,0,1
14,72.72,1,2,0,1,1
16,73.27,0,3,1,1,0
10,42.51,2,3,1,0,0
65,67.87,1,3,0,0,0
36,66.68,2,0,0,0,0
20,82.8,2,1,1,0,1
18,48.04,1,2,0,1,0
20,91.59,0,1,0,0,0
18,56.6,0,2,1,0,0
49,91.33,1,2,1,0,0
39,81.04,2,0,1,0,1
63,42.56,1,1,1,1,0
59,56.49,1,0,0,0,1
22,68.36,1,2,1,1,0
23,82.89,0,1,1,1,1
27,35.15,0,1,1,1,0
60,52.75,0,0,1,0,0
51,75.07,1,3,1,0,0
32,72.21,0,3,0,0,0
57,41.78,0,0,0,0,0
45,44.82,2,2,0,0,0
44,71.23,0,2,1,1,0
52,42.3,0,1,0,0,0
13,67.31,0,2,0,0,0
47,80.91,2,3,0,0,0
13,62.99,1,0,1,1,0
7,15.0,1,3,1,1,0
54,86.03,4,1,0,0,1
3,85.58,2,0,0,0,0
51,90.89,1,3,0,0,0
16,79.78,0,0,1,0,0
64,29.17,2,0,0,1,0
3,90.87,2,3,0,0,1
56,69.54,3,2,1,1,1
66,81.39,1,1,1,0,0
30,59.53,1,0,0,0,0
70,57.83,3,0,1,0,0
10,57.98,4,1,1,0,1
62,94.47,3,1,1,0,0
64,68.15,2,3,0,0,0
17,58.65,2,2,1,0,1
50,37.19,3,1,1,0,1
54,72.06,2,1,0,0,1
41,62.92,1,1,0,0,0
3,65.81,1,1,1,0,0
49,82.36,0,3,1,0,0
6,77.12,1,2,0,0,0
28,62.78,2,1,1,1,1
20,67.01,2,3,1,1,1
25,64.5,0,2,0,1,0
71,77.01,0,0,1,1,0
41,76.48,1,0,1,0,0
25,65.51,1,3,0,0,0
35,45.65,1,3,0,1,0
51,79.53,3,1,1,0,1
51,80.65,0,2,1,0,0
57,41.37,1,1,1,0,0
67,70.42,0,3,1,1,0
64,54.97,0,2,1,0,0
61,19.09,1,0,1,1,0
44,61.76,1,2,0,0,0
28,81.57,1,1,1,0,1
28,48.05,3,1,0,0,1
27,48.53,2,2,0,0,0
33,82.92,1,2,1,0,0
66,40.61,0,3,1,0,0
47,43.77,2,1,0,1,0
29,56.18,0,2,0,0,1
57,74.93,1,0,0,0,0
57,75.03,0,1,0,0,0
11,51.98,0,3,1,1,0
7,56.33,1,3,0,1,0
32,64.27,4,3,1,0,1
33,54.72,3,2,1,0,0
4,45.24,2,0,0,0,0
37,40.67,2,1,1,0,0
43,76.67,3,1,1,0,1
58,58.08,4,0,1,0,1
42,119.55,1,3,0,1,1
63,74.89,0,1,0,0,0
32,47.47,1,2,0,0,0
11,62.49,1,2,0,1,0
52,69.25,1,1,1,0,0
44,70.39,0,1,0,0,0
35,71.34,2,2,1,0,1
45,71.48,0,1,0,0,0
16,59.69,0,1,1,0,0
11,75.4,0,3,0,0,1
24,106.03,6,3,1,0,1
60,53.66,3,2,1,0,1
59,54.84,4,3,1,1,0
40,76.57,2,0,1,0,1
20,87.28,2,2,1,0,0
69,78.73,2,2,0,0,0
70,86.69,2,2,1,0,0
14,61.45,0,3,1,1,0
49,57.84,0,2,0,0,0
38,75.48,1,2,1,0,0
62,75.86,1,0,1,0,0
23,95.76,1,3,0,0,0
35,93.5,1,1,1,0,1
46,26.05,0,3,1,0,0
47,77.93,0,3,1,1,0
44,49.08,2,1,0,1,0
19,20.4,2,1,1,1,1
37,70.21,0,2,1,0,0
65,59.02,1,3,1,0,0
24,55.43,1,0,1,0,1
17,36.77,1,0,1,1,0
36,42.11,4,2,1,0,1
33,58.05,1,1,0,0,0
27,32.5,0,3,0,0,0
71,60.12,0,3,0,0,0
64,64.53,1,0,0,1,0
8,59.21,0,2,1,0,0
33,68.2,3,0,1,0,1
46,60.87,2,2,1,0,0
34,39.05,0,2,0,0,0
70,41.61,3,1,0,0,0
19,64.87,5,2,0,0,0
66,81.42,0,0,1,0,0
19,65.16,1,1,0,1,0
63,52.15,0,2,0,1,0
68,65.47,0,2,1,0,0
19,26.08,0,2,0,0,0
23,42.29,1,1,1,0,0
8,54.58,2,3,1,0,0
62,60.83,1,3,1,0,0
12,55.6,2,1,0,0,0
43,56.68,2,1,1,1,1
24,38.39,1,2,0,1,0
70,50.62,0,2,1,0,0
46,66.99,0,3,1,0,0
12,25.32,0,0,0,1,0
55,38.07,1,2,1,1,0
67,55.07,3,0,1,0,0
41,91.55,1,2,1,0,1
55,75.49,0,2,1,0,0
51,93.19,3,3,1,0,0
41,88.76,3,2,0,0,0
58,53.06,0,3,1,0,0
51,60.61,1,1,1,0,0
13,38.58,2,0,1,0,1
52,85.42,1,2,1,0,1
40,76.53,2,0,1,0,0
32,73.8,1,1,0,0,0
43,75.22,1,0,0,0,0
46,71.19,0,1,1,0,0
9,66.17,2,1,1,1,1
17,67.51,0,2,0,0,0
55,86.16,0,3,1,0,0
2,46.3,2,3,1,0,0
9,41.18,1,1,0,0,0
49,62.09,1,1,0,0,0
14,85.15,3,1,1,0,1
34,66.81,1,2,0,0,0
57,57.94,1,2,1,0,0
65,78.65,0,0,1,0,0
59,64.27,1,2,1,0,0
19,24.18,0,3,0,1,0
23,41.98,3,3,1,1,1
59,20.37,2,0,0,0,1
56,57.66,0,3,1,0,0
71,53.14,0,2,1,0,0
53,70.82,3,0,0,0,1
64,104.16,2,1,0,1,0
29,50.19,1,0,0,0,0
69,62.23,1,3,1,0,0
24,54.48,0,0,1,0,0
12,15.0,1,2,1,0,0
39,46.91,1,1,0,0,0
12,47.76,2,1,0,0,1
4,67.56,1,2,0,0,0
17,45.4,2,1,1,0,1
27,36.38,1,2,0,0,0
26,73.84,4,0,0,0,1
2,60.81,0,2,0,0,0
9,44.29,2,0,0,1,0
9,47.02,1,2,1,0,0
11,56.13,1,1,1,0,1
55,78.43,1,2,0,0,0
2,90.44,0,3,1,1,0
24,36.09,3,2,1,0,0
67,85.35,0,1,0,0,0
26,63.22,2,3,1,0,1
26,69.33,0,2,1,1,0
53,81.49,2,0,1,1,0
45,42.94,0,3,0,1,0
18,79.25,0,3,1,0,0
33,36.14,2,0,1,0,1
35,52.86,3,1,1,0,0
53,45.22,1,3,0,0,0
30,95.75,0,1,1,0,1
58,94.83,2,0,1,0,0
31,77.27,0,1,0,0,0
28,72.44,0,1,0,0,0
24,51.61,0,3,0,0,0
39,96.87,2,3,0,0,0
34,90.03,4,0,0,0,1
7,80.14,1,1,0,0,0
29,60.02,0,0,0,0,0
21,55.32,1,2,1,0,0
36,60.6,0,3,1,0,0
16,88.74,1,2,0,0,0
63,43.51,1,3,0,0,0
22,64.67,3,0,1,0,1
37,94.87,1,0,0,0,0
24,79.97,2,1,1,0,1
41,97.05,1,3,0,0,0
41,70.7,0,3,1,1,0
27,71.01,3,0,1,0,1
24,89.99,0,2,1,0,0
50,75.51,3,2,0,0,0
24,69.39,1,1,1,0,1
33,52.46,0,0,1,0,0
60,33.17,0,0,0,0,0
2,92.25,0,0,1,0,1
1,54.4,3,0,1,0,1
34,47.91,1,0,1,0,0
1,79.95,1,1,0,0,0
40,45.14,0,3,0,1,0
5,35.96,1,0,1,0,0
15,51.5,0,2,0,0,0
62,61.58,1,1,0,0,0
37,68.24,1,3,1,0,1
45,73.01,1,2,1,0,0
15,82.1,2,2,1,0,0
52,60.57,1,2,0,0,0
12,70.15,1,2,0,0,0
68,60.7,2,3,1,0,0
6,50.25,3,2,0,0,0
16,70.91,2,1,0,0,1
65,69.95,2,0,0,1,0
66,99.66,2,3,1,0,0
15,74.82,1,0,1,0,1
18,49.15,0,0,1,0,1
70,74.79,2,3,0,0,0
37,58.02,1,1,0,0,0
50,94.21,1,0,0,0,0
49,29.24,1,0,0,0,0
42,49.89,2,0,0,1,0
57,49.93,1,0,0,0,0
12,65.37,1,2,1,0,1
18,60.43,0,0,1,0,1
11,31.56,0,2,0,0,0
34,26.15,2,2,1,0,0
2,66.61,1,1,1,0,1
4,91.99,0,0,1,0,1
22,91.74,2,1,0,0,0
21,55.12,3,3,1,0,0
59,72.11,1,0,0,1,0
70,45.91,4,0,0,0,0
22,34.47,2,2,1,0,0
65,87.26,0,2,1,0,0
60,76.4,0,2,0,0,0
42,56.45,0,3,0,1,0
38,55.68,1,3,1,0,0
56,81.18,1,1,1,0,0
8,69.41,1,3,1,0,1
65,56.44,1,1,0,0,0
14,68.65,1,3,0,1,0
24,62.89,1,2,1,0,0
61,55.04,0,3,1,0,0
70,48.94,2,0,0,0,0
8,81.35,1,1,1,0,0
32,53.79,0,0,1,0,0
65,39.85,1,1,0,1,0
12,98.77,1,0,1,0,1
36,87.72,2,2,1,0,0
38,73.45,1,1,1,0,0
2,61.84,1,2,1,0,1
43,67.0,0,1,1,0,0
32,34.54,0,3,1,1,0
50,62.74,2,2,0,1,0
60,68.51,1,0,1,0,0
48,59.15,1,3,1,0,0
67,71.65,4,3,0,0,0
3,47.97,0,2,1,0,0
60,66.61,1,2,1,0,0
46,32.13,0,1,0,0,0
68,62.47,6,2,1,1,1
66,50.86,3,3,1,1,0
43,36.81,0,0,1,0,0
48,55.08,1,1,1,1,1
41,63.29,3,1,1,1,0
70,51.15,1,1,0,1,0
13,81.08,0,0,0,0,0
37,49.12,0,3,0,0,0
61,81.22,2,0,1,0,0
58,77.12,0,1,0,1,0
29,50.9,0,1,1,0,0
10,90.93,0,2,1,0,1
24,36.01,1,1,1,0,0
64,73.22,0,2,1,0,0
22,64.03,0,0,1,0,1
31,77.72,1,1,0,0,0
13,31.94,0,2,1,0,0
63,39.29,0,0,1,0,0
34,46.31,1,3,1,0,0
23,62.96,2,3,1,0,1
7,64.2,1,3,1,0,1
45,62.86,0,1,0,1,0
32,57.37,0,3,1,1,0
61,48.58,2,2,1,0,0
68,35.55,1,1,0,0,0
51,53.97,0,3,1,0,0
10,72.74,0,3,0,0,0
45,82.27,3,3,0,0,0
63,52.41,2,2,1,0,0
69,83.33,2,2,1,1,0
23,35.76,1,0,1,0,0
7,77.51,4,2,1,0,1
15,40.98,0,2,0,0,0
8,67.05,0,0,0,0,0
44,43.52,2,1,1,0,0
40,43.24,1,0,1,0,1
33,51.56,1,2,1,0,0
68,90.06,3,2,0,1,0
13,49.19,2,2,1,0,0
49,74.41,0,3,1,0,0
69,65.27,0,2,1,1,0
22,68.15,1,0,1,1,1
39,68.35,0,1,1,1,1
8,74.54,1,3,1,0,0
26,38.72,3,3,1,0,0
32,63.09,0,0,1,1,0
52,69.07,0,0,1,1,0
35,50.83,3,3,1,1,0
57,69.22,2,0,1,1,0
34,42.28,2,2,1,1,0
15,76.44,2,1,0,0,0
44,48.53,2,3,1,0,0
11,56.78,1,3,1,0,0
20,77.74,1,1,1,1,1
63,83.38,1,2,0,1,0
63,51.15,0,2,1,0,0
59,49.78,1,0,1,0,0
21,81.59,1,1,1,0,1
49,15.0,2,3,0,0,0
8,88.43,1,0,0,0,1
55,87.52,2,3,1,0,0
25,41.4,0,3,1,1,0
12,85.54,1,2,1,0,1
67,69.33,2,2,0,0,0
35,71.2,0,3,1,0,0
12,16.92,1,1,1,0,0
48,52.61,0,0,1,0,0
20,58.45,1,3,1,1,0
49,54.2,1,0,0,0,0
66,54.62,2,0,1,0,0
26,56.61,3,2,1,0,1
25,15.0,2,0,1,0,0
14,58.28,0,0,0,0,0
60,48.62,1,3,1,1,0
26,60.45,0,2,1,0,0
4,52.45,1,2,0,1,0
31,62.1,0,1,1,0,0
64,67.7,1,2,1,0,1
8,96.89,3,3,1,0,1
17,46.03,0,1,0,0,0
68,95.19,1,0,1,1,0
13,57.39,0,3,1,0,0
8,44.63,2,3,1,0,1
53,33.77,1,2,1,0,0
6,79.02,1,0,1,0,1
71,32.43,3,1,1,0,0
61,79.94,4,1,0,1,0
69,68.87,0,0,1,0,0
50,50.96,0,2,1,1,0
54,49.03,2,2,1,0,0
9,71.58,2,1,1,0,1
65,65.09,0,3,0,1,0
66,76.6,0,3,0,0,0
71,62.04,1,2,1,0,0
44,52.02,3,2,1,0,0
40,72.58,2,0,1,0,1
13,38.6,1,3,1,0,0
11,78.62,1,3,1,0,1
45,63.1,1,2,0,0,0
61,40.15,1,2,0,0,0
51,42.11,1,3,0,0,0
29,55.67,3,2,1,1,1
46,26.39,0,3,1,0,0
23,89.32,1,0,0,0,1
2,80.99,1,3,1,0,1
36,40.56,0,1,1,1,0
67,59.79,1,1,1,0,0
3,95.28,4,1,0,0,1
19,69.92,0,0,1,0,1
2,42.09,1,0,0,1,0
28,19.66,0,1,0,0,0
19,29.8,2,1,1,0,1
12,85.43,1,3,1,0,0
43,68.23,0,3,1,0,1
61,36.26,1,3,0,0,0
54,75.93,0,1,1,0,0
63,54.86,1,3,0,0,0
68,48.86,1,3,1,0,0
59,51.73,3,2,0,0,0
59,52.85,0,0,1,0,1
5,94.94,0,2,0,0,0
67,43.36,0,3,0,0,0
6,54.06,1,0,1,0,0
46,88.31,2,2,1,0,0
71,91.7,2,2,1,0,0
53,42.64,0,3,0,1,0
53,102.81,1,3,0,0,0
42,83.79,2,3,1,0,0
21,32.68,0,0,1,0,0
6,97.72,0,1,0,1,1
46,32.79,2,3,0,0,0
5,75.48,0,2,0,0,0
38,39.25,3,1,0,0,0
54,26.8,0,2,1,1,0
13,78.87,1,0,0,1,0
15,70.38,1,0,1,1,1
65,60.39,1,2,1,0,0
57,65.82,3,0,1,0,0
51,60.0,2,0,0,0,0
33,56.9,0,0,0,1,0
67,40.85,3,1,0,0,0
1,73.59,2,2,1,0,1
18,62.46,0,1,1,0,0
40,57.19,2,0,0,0,0
4,50.76,1,3,0,0,0
32,56.46,0,1,0,0,0
38,31.95,0,2,0,0,0
6,55.89,3,2,1,0,1
13,42.5,2,1,1,0,1
19,87.49,0,3,0,0,0
68,43.14,0,1,1,0,0
22,53.09,0,0,0,0,0
47,62.34,1,1,1,1,0
25,77.8,3,1,1,0,1
21,71.17,1,3,1,0,0
51,62.34,0,3,1,0,0
59,104.87,0,2,1,0,0
12,61.7,1,1,1,0,1
12,68.43,0,2,1,0,0
32,116.23,0,2,0,0,0
35,44.37,5,0,1,0,0
44,81.14,1,1,0,1,0
48,70.83,0,2,1,1,0
68,35.91,0,2,1,0,0
64,49.67,0,0,0,1,0
9,78.56,0,2,0,0,0
15,33.25,2,3,1,1,1
6,58.35,1,3,0,0,0
68,80.54,0,2,1,1,0
14,57.31,0,3,1,0,0
46,67.32,2,2,0,0,0
16,48.76,1,3,0,0,0
15,49.63,4,3,0,0,0
12,49.81,4,2,0,0,1
68,55.04,0,3,1,0,0
6,74.55,1,2,1,1,1
62,63.53,1,3,0,0,0
15,101.13,1,3,1,1,1
2,72.95,2,1,0,0,1
16,67.52,1,1,1,0,1
26,106.61,0,1,0,0,0
35,59.83,0,1,0,0,0
42,45.99,2,2,1,0,0
46,65.05,1,0,0,1,0
40,40.37,1,2,1,0,0
26,72.25,1,3,1,0,0
23,89.09,1,2,1,0,1
12,74.67,0,3,1,1,0
29,53.89,1,3,0,1,0
7,59.14,1,1,1,0,0
33,71.6,2,3,0,0,0
19,85.43,3,1,0,0,0
45,54.07,0,0,1,0,0
13,53.76,2,2,1,1,1
42,83.59,2,2,0,1,0
35,66.36,1,0,0,1,0
33,68.86,4,1,1,0,1
62,71.62,0,1,1,0,0
30,46.68,0,2,0,0,0
51,59.1,1,3,0,0,0
8,83.13,1,0,0,1,1
15,58.93,0,3,0,0,0
43,58.12,2,1,0,1,0
3,68.0,0,3,1,0,1
69,69.79,1,2,1,0,0
5,112.53,0,3,0,0,0
48,46.01,3,3,0,1,0
31,64.87,1,1,1,0,0
57,102.13,1,1,1,0,0
26,62.78,2,1,0,0,0
70,69.64,3,3,1,0,0
49,33.23,0,0,1,0,0
5,81.44,2,3,1,0,1
6,79.42,1,0,1,0,1
21,78.41,1,1,0,0,1
19,58.53,1,3,0,1,0
62,69.48,0,2,0,0,0
49,60.8,1,3,1,1,0
57,79.02,4,0,1,0,0
41,61.87,4,3,0,0,1
10,77.76,1,1,0,1,0
37,35.61,1,0,0,0,0
49,55.62,0,3,0,0,0
65,15.0,1,2,1,1,0
28,59.21,1,1,0,0,0
9,77.46,0,3,1,1,0
20,57.02,1,1,1,1,0
14,108.82,0,2,0,1,0
23,42.43,2,2,0,1,0
41,55.43,1,2,1,1,0
46,43.78,1,2,0,1,0
41,52.16,0,2,1,0,0
2,52.81,1,0,0,0,0
70,32.86,4,1,1,0,0
20,42.69,0,0,1,0,0
70,102.45,2,0,1,0,1
3,56.93,1,3,1,0,0
42,80.24,1,3,1,0,0
50,36.89,2,2,0,0,0
54,59.81,1,3,0,0,0
59,72.78,0,1,1,0,1
50,58.69,0,0,0,0,0
16,51.92,0,2,1,0,0
10,58.37,0,2,0,0,0
47,62.67,0,0,0,0,0
43,78.64,0,3,0,0,0
35,86.05,1,3,1,0,1
22,35.88,1,3,1,0,1
9,21.21,0,2,1,1,0
26,58.25,4,0,0,1,1
24,62.15,1,1,0,0,0
12,76.31,2,2,1,0,1
3,83.27,2,1,0,0,1
1,48.85,0,3,1,1,0
45,103.03,3,0,0,0,1
61,67.18,2,3,0,1,0
46,26.93,0,0,0,0,0
51,81.14,3,2,0,0,0
22,67.58,1,3,1,1,0
54,67.77,3,2,1,0,0
54,30.42,0,3,1,0,0
21,56.02,1,3,0,0,0
1,65.22,1,0,0,0,0
30,59.0,3,2,0,1,0
63,75.72,0,1,0,0,0
13,87.04,3,1,0,0,1
19,92.37,2,2,1,0,1
43,86.94,0,3,1,1,0
19,59.13,0,1,1,1,0
60,96.24,2,1,0,0,0
31,67.26,1,1,1,0,1
56,79.06,0,0,0,0,0
14,57.24,1,3,1,1,1
67,34.35,0,2,1,0,0
25,16.98,0,3,0,0,0
19,65.77,4,3,1,0,1
31,48.61,4,3,0,0,0
50,61.94,1,2,0,0,0
22,79.84,1,0,0,0,0
9,31.68,5,2,0,0,1
57,27.03,2,1,1,0,0
39,67.24,1,0,1,0,0
67,69.33,0,0,0,0,0
8,56.65,0,0,0,1,0
55,51.63,1,2,1,0,0
39,30.41,0,0,1,1,0
54,60.36,1,0,1,0,0
39,47.3,1,3,0,0,0
6,70.65,1,0,0,0,1
25,80.9,1,3,0,0,0
33,51.0,1,0,1,0,0
25,70.33,0,0,1,0,0
24,65.74,0,3,1,0,0
51,75.98,2,3,1,0,0
8,92.55,0,1,1,0,1
35,75.19,0,3,0,1,0
69,76.19,0,1,1,1,0
29,77.86,2,0,1,0,1
3,53.59,0,2,0,0,0
9,61.93,0,0,1,0,1
68,68.93,2,3,1,1,0
21,86.7,1,0,1,0,1
20,87.79,0,3,0,0,0
61,107.24,0,1,1,1,0
18,40.36,3,2,0,1,1
70,61.24,2,3,1,0,0
10,27.73,1,1,1,0,0
27,51.38,0,2,1,0,0
35,29.37,0,0,0,0,0
62,85.27,1,3,1,0,0
42,77.08,1,1,1,1,1
63,40.7,0,0,1,0,0
68,68.74,0,2,1,0,0
16,76.74,2,0,1,0,1
53,96.64,1,3,0,0,0
20,78.56,0,1,1,0,0
68,64.58,2,3,1,0,0
50,60.24,1,1,1,1,0
37,74.51,1,1,1,0,1
22,68.11,1,2,1,0,0
46,52.55,1,0,0,0,0
68,37.81,0,2,1,0,0
10,83.04,1,3,0,1,0
26,47.73,0,2,1,0,0
60,56.69,3,0,0,0,0
52,77.96,1,3,1,0,0
41,60.95,0,0,0,0,0
51,84.6,0,3,0,0,0
28,39.75,1,2,1,1,0
16,77.22,2,2,0,0,1
24,35.64,0,2,0,1,0
62,32.2,4,2,1,1,0
15,41.33,1,3,0,0,0
24,64.4,1,0,1,1,1
6,48.63,3,3,1,1,1
8,34.62,2,0,0,0,0
42,85.94,4,2,1,1,0
4,42.92,1,0,1,0,1
57,59.81,1,2,1,0,0
33,67.12,1,2,1,0,0
44,52.61,2,2,1,1,0
45,69.27,1,3,1,0,0
71,74.36,1,3,1,0,0
20,60.04,1,2,0,0,0
20,82.75,1,2,0,1,1
60,50.28,2,1,1,0,0
41,40.99,0,3,1,1,0
19,66.11,0,2,1,0,0
2,42.8,2,0,1,0,1
61,69.55,1,2,1,1,0
14,60.03,2,3,0,0,0
3,52.74,2,1,1,1,1
68,73.57,2,0,1,0,1
19,72.7,1,1,0,0,0
3,15.0,1,3,0,0,0
12,55.69,2,0,1,0,1
28,64.81,1,1,0,1,0
32,71.77,2,3,0,0,1
36,51.18,0,0,1,1,1
25,39.19,0,1,1,0,0
46,64.5,0,2,0,0,0
29,75.58,2,0,1,0,0
28,21.06,2,2,1,0,0
61,32.12,0,1,1,0,0
37,50.33,1,3,1,0,0
42,15.0,2,3,0,0,0
21,50.12,1,3,0,0,0
43,78.38,2,3,1,0,0
48,40.83,0,1,1,0,0
28,64.76,0,1,1,0,0
33,44.33,0,0,0,0,0
58,70.42,1,3,0,0,0
22,74.94,0,0,0,0,0
36,87.96,3,3,1,0,1
6,63.49,2,1,1,0,1
53,82.94,0,3,1,0,0
12,69.97,0,3,1,0,0
65,52.55,1,0,0,0,0
26,91.37,3,1,1,0,1
44,50.06,0,3,1,0,0
51,65.36,0,1,1,0,0
31,110.76,0,1,0,0,0
15,79.3,1,2,0,0,1
19,45.58,0,2,1,0,0
47,67.86,0,2,1,0,0
65,50.96,2,3,0,0,0
63,59.1,2,3,0,0,0
55,31.97,1,2,0,0,0
59,66.33,2,3,0,0,0
57,31.03,1,0,1,0,0
25,69.34,2,0,1,0,1
16,69.42,0,2,1,0,0
63,78.83,2,0,0,0,0
32,106.4,0,0,1,0,0
46,28.95,1,0,0,1,0
63,38.14,1,3,1,1,0
59,42.06,2,1,1,0,0
18,50.64,1,2,0,0,0
67,79.51,2,3,1,0,0
58,55.25,3,0,1,0,0
1,50.28,1,2,0,1,1
39,39.43,2,3,0,0,0
2,49.38,1,2,0,0,1
16,53.2,0,2,1,1,0
46,59.86,1,0,1,0,0
27,33.37,2,1,1,0,0
44,60.41,0,0,1,0,0
6,73.24,0,3,0,0,0
9,68.88,1,2,1,0,1
48,37.05,0,0,1,0,0
15,78.31,1,3,1,1,0
52,77.98,3,0,1,0,1
17,67.9,2,1,0,0,1
3,37.45,0,0,1,0,0
3,32.56,1,0,1,1,0
22,62.74,0,3,1,0,0
4,41.42,1,2,0,0,0
55,35.25,1,1,0,1,0
5,79.75,1,0,0,0,1
15,80.15,1,0,1,0,1
46,74.77,1,2,0,0,0
39,88.1,1,3,1,0,1
43,79.96,2,0,1,0,1
58,38.84,2,1,1,0,0
47,84.85,1,0,0,0,0
41,64.35,1,1,1,0,0
20,70.79,3,1,1,0,1
9,93.27,1,0,1,1,1
69,70.8,1,0,0,0,0
65,93.41,0,3,1,1,0
47,63.1,1,0,0,1,0
54,54.35,2,3,0,1,0
35,47.86,2,3,0,0,0
41,59.26,2,1,1,1,1
50,28.37,2,1,0,0,0
24,60.72,0,2,1,0,0
33,59.55,2,1,1,1,1
42,51.29,1,1,1,1,0
61,17.37,2,0,1,0,0
28,19.04,2,1,1,1,0
4,76.07,1,1,1,0,1
9,42.82,0,1,0,0,0
7,89.38,1,2,0,0,1
9,47.69,2,3,0,0,0
59,69.16,0,1,1,0,0
4,33.08,2,1,0,1,0
51,49.22,4,0,1,0,1
13,57.57,1,1,1,1,0
17,73.58,2,2,0,0,0
18,95.62,1,3,1,0,1
37,81.25,0,0,1,0,1
46,32.97,2,1,1,0,0
43,62.11,0,2,1,0,0
42,58.63,0,0,0,0,0
9,49.26,1,1,1,0,1
42,73.75,0,2,0,0,0
7,93.55,4,2,0,0,1
59,52.87,1,2,0,1,0
5,84.34,0,3,0,0,0
7,89.92,2,1,1,1,1
14,40.75,0,0,1,0,0
28,97.48,0,2,1,1,0
60,95.75,2,3,1,0,1
6,67.92,3,0,0,0,1
14,96.2,0,3,0,0,0
30,67.03,2,0,1,1,1
17,85.06,0,3,0,0,0
6,75.04,1,1,1,0,1
40,44.76,0,1,0,1,0
5,67.26,1,2,0,0,1
51,58.66,1,3,1,0,0
8,52.13,3,0,1,0,1
32,38.94,3,3,0,0,0
28,46.4,1,0,1,1,1
54,37.34,1,2,1,0,0
55,84.77,2,0,1,0,0
34,22.8,0,3,1,1,0
21,63.55,0,0,0,0,0
62,49.77,0,2,1,1,0
53,37.0,0,2,0,0,0
19,76.53,1,0,0,1,0
17,46.04,0,3,0,1,0
63,86.17,1,3,1,0,0
21,58.43,1,0,0,0,0
11,68.68,1,0,1,0,0
34,59.4,3,3,1,0,0
40,75.02,0,3,0,0,0
6,80.8,1,1,0,0,1
67,53.01,5,1,0,1,0
32,61.83,1,0,1,0,1
46,97.2,2,1,1,0,1
42,50.52,2,2,1,1,0
66,98.22,4,2,0,0,0
59,54.13,1,3,0,0,0
28,50.85,0,1,0,0,0
4,28.24,0,2,0,0,0
45,45.04,4,3,1,0,1
57,27.15,2,2,0,0,0
61,50.57,0,2,1,0,0
41,75.84,0,3,1,0,0
39,60.78,1,3,1,0,0
42,49.94,0,1,1,1,0
11,41.46,0,1,1,0,0
4,48.25,2,2,0,1,1
33,32.9,1,0,0,1,0
63,36.59,2,0,0,1,0
22,100.95,0,3,1,0,0
20,66.81,0,0,0,0,0
71,43.67,1,0,1,0,0
39,75.43,1,1,0,0,0
7,92.01,1,0,1,0,1
39,49.24,0,2,0,0,0
3,59.83,3,1,0,0,1
65,36.87,2,0,1,1,1
57,30.08,1,0,1,0,0
43,89.59,1,3,1,0,0
70,130.52,2,0,1,1,1
71,47.19,1,3,1,0,0
27,29.48,0,1,0,1,0
17,90.38,1,0,0,0,1
20,83.15,2,3,1,1,1
48,71.52,0,1,1,0,0
18,91.45,0,3,1,1,1
41,55.22,0,0,0,0,0
36,67.53,1,1,1,0,0
37,77.8,1,3,0,1,0
56,55.72,0,2,0,0,0
45,71.53,3,2,0,0,0
39,57.23,0,3,0,0,0
40,71.08,0,2,0,0,0
28,65.21,1,3,0,0,0
24,22.37,0,3,1,0,0
59,63.78,2,0,0,0,0
46,33.36,1,0,1,0,0
27,44.92,2,2,1,1,0
6,28.67,1,1,0,0,0
58,78.26,0,1,0,1,0
35,55.38,1,3,0,0,0
56,54.22,2,2,0,0,0
33,86.88,0,2,1,0,0
47,76.16,0,2,0,1,0
16,57.65,0,3,0,0,0
13,20.32,2,0,0,0,0
41,75.13,2,2,1,0,1
54,56.63,2,0,1,1,0
48,54.64,3,1,1,0,0
50,76.62,1,0,1,0,0
9,49.31,0,0,1,0,1
54,60.28,3,1,1,0,0
22,79.69,2,1,0,0,1
40,73.36,1,2,1,0,1
5,49.65,2,3,1,1,1
10,91.0,1,2,0,0,1
43,84.91,1,1,0,0,0
69,99.74,0,0,1,0,0
6,60.87,3,1,1,0,1
14,66.26,2,2,1,0,1
17,83.02,1,2,1,0,0
51,70.78,2,3,1,0,1
32,64.76,1,2,0,0,0
57,59.96,1,2,0,0,0
33,55.95,3,1,0,0,0
65,48.97,2,2,1,0,0
3,49.11,2,2,1,0,1
41,70.14,2,0,0,0,0
68,55.92,0,2,0,0,0
53,33.79,1,0,0,0,0
17,63.08,2,0,1,1,1
13,95.16,0,1,0,0,0
44,89.21,1,2,1,0,1
8,21.86,2,3,0,0,0
16,45.12,3,2,1,0,1
38,77.57,1,2,1,0,0
43,63.64,0,3,0,0,0
64,63.46,0,3,1,0,0
26,59.46,2,0,1,0,1
17,63.23,1,0,1,0,1
23,41.74,2,3,1,0,0
42,85.7,0,1,1,0,0
34,41.24,1,1,1,0,0
3,59.23,2,3,1,0,0
42,92.73,0,0,0,0,0
55,83.76,1,3,1,0,0
43,61.95,0,2,1,0,0
38,61.95,2,2,1,1,0
49,50.18,2,3,1,1,0
37,52.13,1,0,1,1,0
20,57.39,0,2,0,0,0
11,88.82,2,2,0,0,1
7,53.5,0,0,1,0,0
29,73.43,3,2,1,0,1
18,70.74,1,1,1,1,1
48,70.27,2,3,1,0,0
24,56.61,2,0,0,0,1
40,76.86,2,1,1,1,0
44,65.44,0,0,1,1,0
53,64.21,2,1,0,0,0
30,52.85,1,0,1,0,0
26,19.45,1,1,0,0,0
23,76.85,1,0,0,0,0
48,77.39,2,0,0,0,0
7,52.33,1,1,1,0,0
46,58.83,0,0,1,0,0
43,68.09,1,3,1,1,0
17,43.03,1,2,0,0,0
8,76.51,2,0,1,1,0
25,76.61,5,0,0,0,0
37,79.41,2,1,1,1,1
18,80.8,0,2,1,0,0
49,24.68,1,0,1,0,0
44,72.88,2,2,0,0,0
45,53.75,1,1,1,0,0
28,84.62,2,0,0,0,1
12,83.57,2,0,1,0,1
35,78.76,4,3,1,0,1
26,60.88,1,0,0,0,0
58,118.2,0,3,1,0,0
67,61.51,1,1,1,1,0
3,41.83,0,2,1,0,0
7,81.89,0,2,0,0,0
33,33.84,2,1,0,0,0
49,100.83,1,3,0,0,0
9,82.84,1,2,1,0,1
31,89.05,3,2,0,0,0
33,83.49,3,3,0,0,0
44,70.76,1,1,1,0,1
56,36.58,0,2,1,0,0
28,50.89,1,2,1,1,0
7,74.01,0,2,0,0,0
9,58.82,0,1,1,1,0
48,70.2,1,2,1,0,1
40,49.3,0,0,1,0,1
67,47.24,1,2,0,0,0
1,68.77,1,1,1,0,1
67,77.55,5,3,0,1,0
62,62.95,2,1,1,1,0
55,43.49,1,0,1,1,0
57,29.86,2,3,1,1,0
11,102.95,1,1,0,0,0
27,40.19,2,1,0,1,0
10,45.49,0,0,1,0,0
39,48.33,5,2,0,0,0
30,80.48,2,2,1,0,1
38,47.71,0,1,1,0,0
57,73.55,2,3,1,0,0
70,68.53,2,3,0,1,0
62,40.0,0,2,0,0,0
4,65.77,0,1,0,0,0
34,38.35,3,0,1,1,0
22,59.38,2,0,1,0,1
45,77.22,2,2,1,0,0
29,57.84,0,2,0,0,0
32,44.44,0,1,1,0,0
56,54.18,0,1,0,0,0
56,58.76,1,2,1,0,0
52,69.05,0,0,0,0,0
20,16.91,3,1,1,0,0
31,25.77,2,0,1,1,0
32,71.98,2,0,1,0,1
1,59.89,0,0,0,1,0
41,62.4,0,3,0,0,0
47,66.36,4,2,1,0,1
1,58.88,2,3,1,1,1
29,53.1,0,2,1,1,0
16,64.2,2,1,1,0,1
9,75.2,0,2,1,0,0
68,68.71,0,0,0,0,0
45,62.35,0,1,1,1,0
68,41.31,0,0,1,1,0
32,66.59,2,3,1,0,0
5,39.02,3,3,1,0,1
22,48.6,1,1,1,0,1
5,64.85,3,1,0,0,1
20,64.21,3,2,1,0,0
47,83.52,0,0,1,0,1
37,79.33,1,0,1,0,0
43,71.55,1,0,1,0,0
18,55.49,1,2,1,0,0
23,61.63,1,0,1,1,0
28,57.09,1,2,1,0,0
14,96.18,1,3,0,0,0
67,70.99,1,3,1,0,0
55,49.06,1,2,0,1,0
34,45.21,1,3,1,0,0
44,86.45,3,0,1,0,1
18,44.73,1,3,1,0,0
51,69.19,2,3,1,1,0
38,65.47,0,1,1,0,0
5,83.01,0,2,0,0,1
66,44.66,0,2,1,1,0
53,71.1,5,0,0,0,1
62,65.98,3,3,1,0,0
69,77.75,1,0,0,0,0
49,88.86,1,1,1,0,0
61,64.04,1,3,1,0,0
64,57.6,1,0,0,0,0
22,79.37,2,2,1,1,1
54,34.21,0,2,0,1,0
30,65.77,0,2,1,0,0
49,42.66,0,2,1,1,0
66,38.2,0,0,1,0,0
31,30.86,0,0,0,0,0
71,29.4,0,0,0,1,0
11,78.47,2,3,0,0,1
64,79.33,1,3,1,0,0
52,64.15,2,2,1,0,0
2,82.56,1,2,1,0,0
46,62.73,1,2,1,0,0
62,52.36,3,3,1,0,0
69,40.81,1,0,0,0,0
9,77.33,1,2,1,0,1
23,78.26,3,1,1,0,1
42,87.11,2,3,1,0,0
63,46.41,2,3,1,0,0
21,56.62,0,2,1,0,0
16,35.56,1,0,0,1,0
58,84.84,1,1,0,0,0
68,76.23,0,0,1,1,0
3,72.38,1,1,1,1,1
71,61.95,1,2,1,0,0
47,59.37,0,2,1,0,0
4,55.1,2,0,1,0,1
33,83.87,2,0,1,0,1
24,49.84,1,1,0,1,0
31,79.89,0,3,1,0,0
71,68.01,0,1,1,0,0
54,42.49,0,1,1,1,0
69,33.78,1,0,0,0,0
59,46.91,2,2,1,0,0
48,61.62,1,1,1,0,1
52,36.84,0,1,0,0,0
10,74.76,1,0,0,1,1
11,84.85,1,1,0,0,1
1,73.12,2,2,1,0,1
52,28.95,1,3,0,0,0
18,15.95,1,1,0,1,0
31,79.56,0,0,0,1,0
68,91.84,4,0,0,0,1
70,54.5,1,3,1,0,0
58,72.72,2,2,0,0,0
2,57.05,1,0,1,0,1
31,49.77,1,0,0,0,0
68,82.04,1,2,0,1,0
55,51.5,2,2,0,0,0
5,79.22,1,3,1,0,1
65,96.47,3,3,1,1,0
18,59.98,3,3,1,0,0
22,99.47,1,0,1,0,1
7,36.4,0,2,1,0,0
63,80.58,1,0,0,1,0
37,62.58,2,0,1,0,1
20,113.25,1,2,1,0,1
13,63.23,0,0,1,0,0
24,46.64,0,3,0,1,0
30,94.63,2,0,0,0,1
4,32.03,1,3,0,0,0
5,71.18,1,3,0,1,0
12,47.25,1,0,0,0,0
48,89.82,3,2,1,0,1
40,60.34,1,0,1,1,0
70,79.44,0,0,1,0,0
2,61.63,2,3,1,1,1
2,40.49,0,3,0,0,0
39,19.59,1,3,0,0,0
7,97.89,1,2,1,0,0
13,67.01,0,0,1,1,1
66,39.45,0,2,0,1,0
54,56.13,2,2,0,1,0
38,82.01,0,3,0,1,0
10,32.71,0,2,0,1,0
45,107.48,1,3,0,0,0
15,57.38,1,1,1,0,1
65,55.02,3,1,1,0,0
20,87.89,1,0,1,0,1
2,66.49,2,2,0,0,1
42,42.36,1,0,0,0,0
23,80.55,0,2,0,1,0
58,71.25,0,0,0,0,0
28,84.7,2,3,1,0,1
54,43.91,2,3,0,1,0
51,39.82,0,3,1,0,0
53,74.71,0,3,1,0,0
44,53.56,0,2,0,0,0
49,19.28,0,0,0,0,0
55,50.52,0,0,1,1,0
39,74.68,3,0,1,0,0
48,47.7,0,1,1,0,0
25,87.64,0,1,1,0,0
58,52.1,1,3,1,0,0
13,60.19,3,0,1,0,1
3,29.73,0,0,1,0,0
62,46.14,2,1,0,0,0
60,58.33,0,0,1,0,0
30,73.59,0,2,1,0,0
40,65.79,3,2,1,0,0
47,83.22,2,3,1,0,1
9,18.63,2,3,1,0,0
5,62.51,0,1,1,1,1
38,59.12,2,1,0,1,0
26,41.17,1,0,1,0,0
29,61.17,0,1,1,0,0
8,47.13,1,1,1,0,0
14,70.55,1,1,1,0,0
26,55.09,1,3,0,0,0
64,72.1,0,2,1,1,0
53,43.83,3,2,0,0,0
71,87.34,0,3,0,1,0
25,69.94,1,0,1,1,1
39,97.62,1,2,0,0,0
49,59.31,0,3,0,0,0
37,51.98,3,3,0,0,0
9,64.71,0,1,1,0,1
47,52.67,2,0,1,0,0
28,41.22,1,0,1,1,1
45,62.3,1,1,1,0,0
30,60.69,2,0,0,0,0
49,49.0,1,3,1,0,0
37,54.32,0,3,0,0,0
9,42.53,1,3,0,0,0
17,64.89,2,1,1,0,0
36,35.12,2,2,1,1,0
50,95.94,2,0,0,0,1
16,62.62,3,2,0,0,1
63,80.89,0,3,1,0,0
21,37.94,2,1,1,0,0
58,68.9,0,3,0,1,0
68,59.34,0,0,0,0,0
3,81.68,0,1,0,0,1
71,79.47,5,2,0,0,0
35,29.2,0,0,1,0,0
29,85.02,0,1,1,0,1
25,32.1,1,1,1,0,1
70,88.85,1,1,1,0,0
41,60.94,2,2,1,1,0
28,38.03,2,1,1,0,1
6,76.16,0,3,1,0,0
38,62.78,0,2,1,1,0
52,42.13,5,3,1,0,1
61,47.19,1,0,1,0,0
30,71.58,1,0,0,1,0
27,34.52,1,2,0,1,0
68,44.72,0,3,1,0,0
15,99.16,0,3,1,0,1
2,46.6,1,3,0,0,0
30,69.43,0,1,1,0,1
30,70.98,2,2,1,0,0
2,81.29,0,0,1,0,1
35,79.66,1,3,0,0,0
32,15.0,2,3,0,1,0
60,52.28,3,3,1,0,0
3,85.78,2,2,1,0,1
54,46.14,1,0,1,0,0
3,98.61,0,0,0,1,0
13,67.02,3,2,0,0,1
65,37.51,3,3,1,0,0
22,73.39,1,0,1,0,1
46,101.12,2,2,1,1,1
53,48.56,0,2,0,0,0
30,73.26,1,3,1,0,0
30,44.28,4,0,0,0,0
31,50.29,2,1,0,0,0
19,64.35,0,1,0,0,1
36,72.38,1,2,1,0,1
67,69.15,0,2,1,0,0
18,66.31,1,1,1,0,0
60,110.49,0,3,0,0,0
31,40.28,0,0,1,0,0
26,24.64,1,2,1,0,0
57,73.35,0,0,1,0,0
40,65.86,2,0,0,1,1
45,33.18,0,1,1,0,0
66,96.79,1,2,1,0,0
71,47.97,3,1,1,1,0
16,33.71,1,1,0,0,0
44,70.58,1,0,1,0,0
65,75.01,4,2,1,0,0
7,109.54,2,0,1,1,1
63,31.19,0,2,1,1,0
20,36.43,0,0,1,0,1
52,56.58,1,1,1,0,0
15,53.28,1,3,0,0,0
49,60.62,1,2,1,0,1
47,47.82,3,3,1,1,0
49,30.71,1,3,1,0,0
7,53.09,0,2,0,0,0
39,76.4,0,1,1,0,0
22,78.03,1,2,1,0,0
42,48.87,1,2,0,0,0
68,72.97,1,2,1,0,0
15,70.46,1,0,1,0,1
42,52.18,1,3,0,1,0
40,55.05,2,2,0,0,0
11,63.06,3,3,1,0,0
48,118.55,3,1,1,0,0
46,65.47,1,3,0,1,0
35,44.21,0,3,0,1,0
56,58.92,0,0,0,0,0
49,50.9,0,3,1,0,0
17,85.14,1,2,1,0,1
33,18.54,1,3,1,0,0
14,40.07,4,3,1,0,1
58,78.92,1,3,1,0,1
45,70.62,2,2,1,0,0
52,62.75,1,1,0,0,0
38,76.72,2,0,1,0,0
7,35.36,0,0,1,0,0
10,69.56,0,0,0,0,1
55,39.15,3,0,1,0,1
43,36.25,0,1,1,0,0
21,72.27,1,3,1,0,0
44,46.07,2,2,1,1,0
6,54.97,0,0,1,0,0
27,74.84,0,3,0,0,0
9,41.09,0,2,1,1,0
35,74.53,0,2,1,0,0
24,107.62,2,3,1,0,1
61,58.2,0,1,1,0,0
38,81.64,4,3,1,0,0
70,77.85,2,2,1,0,0
24,36.64,0,1,0,0,0
62,34.62,0,2,1,0,0
15,62.34,0,2,1,0,0
50,19.13,3,3,0,0,0
55,63.15,0,3,1,1,0
67,67.51,3,2,1,0,0
27,71.77,1,2,1,0,1
54,71.39,1,2,0,0,0
63,89.28,0,0,1,0,0
30,55.59,1,1,1,0,0
18,89.65,2,2,1,0,0
41,73.09,3,1,1,0,1
49,73.05,2,1,1,0,0
10,59.24,0,3,1,1,1
26,81.75,2,3,1,0,1
42,47.18,0,0,0,1,0
61,77.11,2,0,0,1,0
24,85.03,3,3,1,0,1
46,48.89,3,2,1,1,0
53,43.17,2,2,1,0,0
49,47.11,0,1,1,0,0
13,61.62,1,1,1,0,1
7,69.79,0,0,1,0,1
12,80.18,2,1,1,1,1
54,100.83,1,1,0,0,1
38,95.32,1,0,1,0,1
26,68.01,3,0,1,1,0
2,54.62,3,0,1,0,1
53,38.06,2,1,1,1,0
31,79.16,2,2,1,0,1
61,72.96,2,3,1,1,0
35,56.81,0,3,1,0,0
9,59.13,2,2,0,1,0
58,60.1,2,3,1,0,0
2,15.0,0,2,1,0,0
28,61.33,0,3,1,0,0
54,69.07,3,2,1,1,0
33,59.96,2,0,1,1,0
69,40.94,3,0,1,0,0
42,63.4,0,2,1,0,0
64,72.18,2,0,1,0,0
60,98.92,0,2,0,0,0
31,83.92,0,2,1,0,0
62,74.48,1,2,0,0,0
60,61.42,1,3,1,0,0
21,35.37,0,3,1,0,0
2,52.97,1,3,1,1,1
55,34.78,1,0,1,0,0
5,60.39,0,2,1,1,0
67,84.06,2,0,1,1,1
42,83.7,2,0,0,1,0
45,80.82,2,0,0,0,0
38,62.91,0,0,1,1,1
70,82.56,1,1,1,0,0
59,56.97,0,0,0,1,0
48,22.82,0,2,0,1,0
17,65.27,1,0,0,0,1
42,63.25,0,2,1,0,0
33,27.18,2,2,0,0,0
52,51.74,0,0,0,0,0
71,15.0,1,3,0,0,0
15,52.82,0,2,0,1,0
22,86.99,0,2,1,0,0
70,49.39,0,0,0,1,0
29,89.08,2,2,1,0,1
63,67.08,1,1,0,1,0
44,47.46,1,2,1,0,0
18,26.49,1,0,1,1,0
71,77.67,2,3,1,1,0
57,75.95,2,2,0,0,0
13,32.35,3,0,1,0,1
43,53.91,2,1,0,0,0
50,84.89,0,0,1,0,0
42,47.33,2,0,1,0,0
30,70.46,0,0,1,0,1
24,22.94,1,2,1,1,0
29,43.76,5,2,1,1,1
55,77.16,0,3,0,1,0
19,38.48,2,1,0,0,0
61,33.24,2,1,0,1,0
34,34.24,0,2,0,1,0
13,54.79,0,3,1,0,0
41,30.51,2,2,0,0,0
14,60.16,0,0,0,0,0
28,73.75,1,2,0,0,0
10,93.49,0,3,1,0,0
36,54.33,1,1,1,0,0
8,95.15,1,1,1,0,1
46,73.81,1,0,1,0,1
62,57.95,0,1,1,0,0
61,72.97,1,3,0,0,0
11,93.22,2,2,0,1,0
40,92.75,2,2,1,0,1
31,77.75,2,3,1,0,1
28,60.58,1,1,1,0,0
34,79.32,2,1,1,0,0
69,66.83,2,2,1,1,0
21,65.86,0,0,0,0,0
13,67.71,1,3,1,0,0
57,99.22,0,0,0,0,0
4,38.17,1,2,0,0,0
34,60.9,2,3,1,0,0
65,40.33,1,0,1,0,0
35,79.99,2,2,1,0,1
19,84.99,1,0,1,0,1
22,89.9,2,1,1,1,0
11,55.29,1,1,1,0,1
58,63.56,2,1,1,0,0
28,78.07,1,1,0,0,0
25,66.21,3,1,1,0,1
25,68.44,2,0,0,0,0
52,66.53,2,3,1,0,0
26,68.04,0,0,1,0,1
53,60.22,0,1,1,0,0
61,71.48,1,1,1,0,0
62,32.94,0,0,0,0,0
21,54.06,1,3,0,1,0
53,35.65,5,0,1,0,1
10,60.78,0,3,1,1,0
20,47.75,1,0,0,1,0
16,73.43,3,1,1,0,1
43,88.07,1,1,0,0,0
68,37.46,2,0,1,1,0
50,46.8,1,3,1,0,0
31,69.26,1,2,0,1,0
18,91.77,1,3,0,1,0
26,78.26,1,2,0,1,0
68,71.57,0,2,0,0,0
56,61.42,3,3,0,0,0
24,53.65,1,3,0,0,0
67,70.39,1,3,0,1,0
27,72.74,0,2,1,1,0
37,65.85,2,0,0,1,0
31,50.83,2,3,0,0,0
58,30.13,1,0,1,0,0
69,45.39,1,2,1,1,0
19,54.98,0,1,0,0,0
36,39.09,1,3,0,0,0
25,69.14,1,1,0,0,0
10,33.79,0,1,0,0,0
41,56.4,2,2,1,0,0
62,69.65,1,3,0,1,0
17,79.03,1,0,1,0,1
1,67.47,1,2,1,1,1
20,86.96,2,0,1,0,0
29,50.56,1,2,1,0,0
14,46.88,2,1,1,0,1
59,84.57,2,0,1,1,1
19,44.78,2,3,1,1,1
36,59.39,1,1,1,0,0
60,27.53,1,2,0,1,0
58,85.22,1,2,0,1,0
57,77.03,0,1,0,1,0
70,47.35,3,3,1,0,0
9,27.23,0,3,1,1,0
48,67.63,0,1,0,0,0
25,68.01,2,3,0,0,1
35,86.07,0,1,0,0,1
52,99.95,1,1,1,0,1
9,67.25,0,1,1,1,1
62,58.1,1,0,1,1,0
18,57.71,2,1,1,0,1
40,56.41,2,0,1,0,1
39,34.84,1,0,1,0,0
52,44.35,2,0,0,0,0
57,60.7,1,2,1,0,1
17,29.26,1,0,1,0,1
25,35.93,0,2,0,0,0
56,87.07,1,3,1,0,1
60,48.86,2,3,1,0,0
59,78.61,0,3,0,0,0
52,84.61,2,1,0,0,0
29,62.64,1,1,1,0,1
56,79.21,1,2,1,0,0
17,58.83,0,1,1,0,1
54,44.82,2,0,1,1,0
3,60.28,1,1,1,1,1
51,63.88,4,0,0,0,1
45,64.94,0,2,0,0,0
38,63.95,2,1,0,0,0
45,54.52,1,2,1,0,0
44,83.92,3,0,0,0,1
1,58.52,1,2,0,0,1
49,54.16,2,0,0,1,0
37,81.24,2,0,1,0,1
2,42.43,1,2,0,0,0
67,62.48,0,2,1,0,0
3,92.28,0,0,1,0,1
3,63.89,0,3,0,0,0
13,91.22,3,2,1,1,1
10,57.47,1,1,1,0,1
19,52.41,1,0,1,0,1
5,59.43,1,2,1,0,1
43,51.44,2,0,1,0,0
31,55.52,0,2,0,0,0
50,53.88,1,1,0,0,0
28,78.85,0,3,1,1,0
53,70.78,0,1,0,1,0
62,58.54,1,0,0,1,0
26,47.7,1,2,0,0,0
5,127.27,2,3,1,1,1
53,58.75,0,1,0,1,0
15,90.98,1,2,0,1,0
8,39.11,1,2,1,1,0
67,47.93,3,3,1,0,0
67,87.45,2,1,1,0,0
2,40.73,4,0,1,0,1
70,41.31,2,3,1,0,0
19,61.67,0,2,0,0,0
60,48.13,0,3,1,0,0
28,56.91,2,1,0,1,1
65,65.89,1,0,1,0,0
1,80.26,0,0,1,1,1
46,66.48,1,2,1,1,0
21,68.72,1,3,1,0,0
71,89.42,1,3,1,0,0
43,91.23,1,3,0,0,0
57,55.72,0,0,1,0,0
44,25.58,1,0,1,0,0
3,42.57,2,1,0,1,0
44,84.33,1,0,1,0,0
28,53.22,1,3,0,0,0
47,48.62,1,0,1,0,0
13,53.79,1,3,1,0,0
44,94.82,1,2,0,1,0
59,64.02,1,0,1,1,0
3,55.3,0,3,0,0,0
30,48.81,1,3,1,0,0
47,40.83,0,1,0,0,0
12,119.54,0,1,0,0,1
42,62.09,2,3,0,1,0
8,65.91,3,1,1,0,1
16,56.5,1,1,1,0,0
8,84.34,1,2,0,1,1
30,42.66,6,1,1,0,1
48,24.32,3,2,0,1,0
17,51.32,0,0,1,1,0
63,69.65,1,2,1,0,0
62,108.34,2,1,1,1,0
50,61.38,2,1,0,0,0
20,45.6,1,0,1,0,1
60,58.34,2,0,1,0,0
12,47.21,0,0,1,0,1
12,47.12,0,2,0,0,1
57,64.74,3,1,1,0,1
52,68.85,0,0,0,0,0
55,49.67,1,3,0,1,0
29,85.01,1,3,1,1,1
61,61.4,2,0,0,0,0
21,65.23,3,3,0,0,0
49,52.58,0,1,1,0,0
29,70.36,3,0,0,0,1
30,71.21,1,2,1,0,0
35,76.29,0,0,0,0,0
34,46.56,1,1,0,1,0
46,75.69,1,0,1,0,0
40,51.55,1,0,0,1,0
62,64.98,2,1,1,0,0
43,78.0,0,1,1,0,0
71,93.5,0,2,0,0,0
68,54.02,2,3,0,1,0
66,40.74,1,0,1,0,0
19,65.88,3,1,0,1,1
61,87.65,2,2,0,0,0
55,56.45,1,3,0,0,0
49,111.96,0,0,1,0,1
2,25.15,0,3,1,1,0
44,93.35,1,2,1,0,1
14,86.58,2,1,1,1,1
15,85.47,0,2,0,0,0
68,46.39,1,2,1,0,0
39,90.47,0,2,1,0,0
18,86.68,2,3,1,1,1
41,88.28,2,2,1,1,1
37,58.6,2,1,0,1,0
21,58.27,1,2,0,0,1
66,89.23,1,3,1,0,0
59,70.16,0,1,0,0,0
47,55.88,2,1,1,0,0
60,46.37,0,0,1,0,0
35,68.47,0,0,1,0,0
62,35.86,0,0,0,0,0
50,74.77,0,3,0,0,0
46,66.31,0,3,1,0,0
70,31.9,1,3,1,0,0
2,72.29,1,0,0,0,1
67,87.38,0,2,0,1,0
30,68.16,1,3,0,0,0
13,36.38,1,3,0,1,0
6,50.93,4,1,1,0,1
10,79.99,3,0,0,1,1
19,36.96,1,0,0,0,0
21,55.58,0,2,1,0,0
51,86.17,3,3,1,0,1
11,57.37,2,0,1,0,1
12,51.39,2,0,0,0,1
55,79.33,1,3,0,0,0
17,95.53,1,0,0,0,0
60,71.08,1,3,1,0,0
37,36.32,1,2,0,0,0
10,30.59,2,0,1,1,1
23,57.98,1,2,0,0,0
6,26.66,0,3,0,0,0
39,61.33,1,1,1,0,0
23,81.35,0,0,0,0,1
22,15.0,2,1,0,1,0
49,59.45,0,1,1,0,0
23,69.55,2,1,0,1,0
55,52.12,0,0,0,0,0
15,70.91,2,1,0,1,0
33,73.09,2,3,1,0,0
20,84.18,1,1,0,1,1
46,117.48,1,1,0,0,0
63,69.48,4,3,1,0,0
66,44.88,0,0,0,0,0
61,42.33,1,2,1,0,0
63,38.07,1,0,1,1,0
43,77.34,2,3,1,1,0
9,69.86,0,2,0,0,0
46,72.38,0,2,1,0,0
51,66.99,2,2,1,1,0
42,95.17,1,1,0,0,0
56,85.06,3,2,1,0,0
32,83.41,1,3,0,0,0
65,49.26,2,0,1,0,0
68,56.46,1,3,1,0,0
30,36.67,1,2,1,0,0
52,49.83,1,0,1,0,0
12,64.75,2,2,1,0,0
40,38.28,1,2,0,0,0
34,50.09,1,1,1,0,0
49,103.69,1,0,1,0,0
27,59.24,0,0,0,0,0
8,32.66,0,2,1,0,1
28,37.8,2,0,1,1,0
62,61.21,4,0,0,0,0
57,79.97,1,2,1,0,0
62,61.18,1,1,1,0,0
47,80.45,2,0,1,0,0
35,69.28,2,0,1,0,0
49,40.5,0,3,1,0,0
56,83.79,1,2,0,0,0
47,53.83,1,0,0,0,0
7,100.98,1,1,1,1,1
11,51.1,2,3,1,1,1
31,60.09,3,1,1,0,1
5,52.0,2,0,1,0,1
26,57.58,0,3,1,0,0
29,72.22,2,1,1,0,0
52,59.21,3,0,0,0,0
61,86.91,3,1,1,0,0
36,71.62,0,2,0,1,0
47,94.96,3,3,1,0,1
51,64.47,2,2,0,0,1
57,89.12,4,2,0,1,0
31,87.34,0,2,1,0,0
45,60.21,2,3,0,0,0
12,114.32,1,2,0,0,0
56,93.66,0,1,0,1,1
48,74.16,1,0,1,0,0
71,59.21,0,0,0,0,0
65,61.59,0,0,1,0,0
51,59.8,0,2,0,1,0
3,69.01,3,1,0,0,0
62,40.45,1,2,1,0,0
42,64.44,1,1,1,0,0
70,51.15,1,3,1,0,0
22,96.89,0,2,0,0,1
53,78.8,2,0,1,0,1
10,97.01,0,2,1,0,1
58,111.41,1,0,1,0,1
31,73.04,0,1,1,0,0
6,104.05,1,0,1,0,1
37,71.06,2,3,0,0,0
3,76.19,1,0,0,1,1
34,44.42,3,1,1,0,0
66,65.19,0,0,1,1,0
22,92.35,1,0,0,1,1
17,73.54,2,0,1,1,1
43,55.97,0,2,1,0,0
22,63.69,1,1,0,0,0
12,48.71,3,1,1,0,1
10,50.02,0,1,1,0,0
15,34.62,2,1,1,0,1
46,85.91,2,2,1,0,0
20,85.61,0,0,0,0,0
3,61.37,2,2,0,0,0
67,36.55,0,0,1,0,0
57,58.77,2,2,0,0,0
15,104.04,4,1,1,0,1
22,36.82,1,2,0,0,0
8,53.42,0,2,1,0,1
53,54.08,2,2,1,0,0
45,79.67,4,0,1,0,1
65,38.01,0,3,1,0,0
3,68.88,2,0,1,1,1
50,47.02,1,1,1,0,0
11,56.41,0,0,1,0,1
31,39.12,2,1,1,1,1
58,74.19,1,2,1,0,0
45,53.68,0,3,1,0,0
71,51.69,0,3,1,0,0
61,85.66,1,0,0,1,0
32,70.59,1,3,0,1,0
51,111.14,4,2,0,0,1
68,72.11,2,2,1,0,0
18,65.34,0,3,0,1,0
69,66.18,0,2,1,0,0
1,119.07,3,0,1,1,1
36,88.8,0,0,0,0,0
63,58.0,2,0,1,1,0
40,70.14,0,2,1,0,0
45,53.32,0,2,0,0,0
37,77.08,2,0,1,0,1
5,53.61,1,0,1,0,1
16,52.5,1,2,0,0,0
40,72.63,1,0,1,0,0
29,90.99,1,0,1,0,1
42,80.93,2,0,0,0,0
52,78.77,0,1,1,1,0
21,64.56,3,3,1,0,0
15,15.11,1,3,0,0,0
63,60.32,1,2,1,1,0
43,59.46,3,3,0,1,0
18,74.4,1,3,0,1,0
40,98.95,1,3,1,0,1
11,78.91,1,2,0,0,1
52,28.51,1,2,0,1,0
22,64.05,3,0,0,0,0
71,58.82,2,2,1,0,0
25,78.04,0,1,1,0,0
60,62.29,1,1,1,0,0
63,24.98,0,3,0,0,0
11,45.24,2,3,1,0,1
47,56.98,2,1,1,0,0
25,22.15,2,0,1,1,0
9,60.89,4,2,1,0,1
38,57.6,2,1,1,0,0
28,84.94,0,1,0,0,0
28,60.94,1,3,1,0,0
8,50.69,2,3,0,0,0
25,60.71,0,3,1,0,0
51,63.58,2,1,1,0,0
23,82.81,1,1,1,1,1
61,43.9,0,1,1,0,0
27,17.65,1,0,1,1,1
7,118.81,2,1,0,0,1
59,78.44,2,2,0,0,0
36,63.93,2,0,0,0,0
12,112.03,1,3,0,0,0
18,40.0,1,0,1,0,1
63,47.06,1,1,0,0,0
21,54.16,3,2,0,1,1
30,72.92,1,1,0,0,0
54,53.72,1,3,1,0,0
47,78.82,4,3,0,0,0
70,55.89,1,3,1,0,0
59,89.28,0,3,0,1,0
20,72.4,3,0,0,0,1
64,29.42,0,2,1,0,0
39,62.3,0,0,1,0,1
17,39.83,0,1,1,1,0
23,60.12,0,1,0,1,0
29,62.88,0,2,1,1,0
5,108.28,4,0,1,0,1
4,58.11,2,1,0,0,0
43,30.18,0,1,1,0,0
59,65.0,2,1,0,0,0
12,39.19,1,2,1,0,0
10,99.86,1,1,1,1,1
49,77.15,0,1,1,1,0
49,94.66,2,1,1,0,0
54,54.65,1,1,1,0,0
65,41.54,2,3,1,0,0
11,68.63,1,1,1,0,1
36,34.77,0,1,1,0,0
43,43.07,1,0,1,0,0
40,47.25,2,0,1,0,1
15,59.71,4,0,1,0,1
21,31.71,0,0,1,0,1
55,20.74,2,3,0,0,0
68,91.69,2,2,1,1,0
21,51.6,1,0,1,0,0
36,58.91,0,1,1,1,0
49,74.74,3,3,1,1,1
53,71.57,1,0,1,1,0
47,49.34,3,0,1,1,1
62,53.59,0,1,1,1,0
41,95.49,0,2,0,1,0
1,88.29,2,2,1,0,1
16,77.95,0,0,1,0,1
61,96.64,1,1,0,1,0
60,24.44,2,0,1,0,0
19,65.53,0,1,0,0,1
26,57.21,0,3,1,0,0
24,23.74,0,0,1,0,0
55,69.83,1,3,1,0,0
4,76.1,0,2,0,0,0
34,68.27,1,2,0,0,0
40,26.16,1,1,0,1,0
32,58.58,1,1,0,0,0
41,67.37,2,1,1,1,0
51,58.17,1,3,0,1,0
55,68.79,1,3,1,0,0
25,73.26,0,2,1,0,0
52,92.05,0,3,0,1,0
55,67.9,2,2,1,0,0
62,116.86,1,2,1,1,1
32,67.62,1,1,0,1,0
9,69.03,0,1,0,0,0
53,79.13,0,0,1,1,0
44,61.76,0,2,1,0,0
50,56.66,3,3,1,0,1
52,88.57,0,2,0,1,0
68,19.68,2,2,0,0,0
70,27.2,1,3,0,0,0
30,105.69,4,1,0,0,1
2,78.37,1,3,1,1,1
25,74.41,1,2,1,0,0
4,69.58,1,3,0,0,1
71,69.15,2,0,0,0,0
55,44.1,2,2,0,0,0
37,57.6,1,0,0,0,0
50,42.51,0,0,0,0,0
30,86.96,3,1,0,0,0
61,76.44,1,2,1,0,0
50,68.37,0,3,1,0,0
54,71.42,0,2,1,0,0
18,60.79,3,1,0,0,1
9,40.01,2,3,0,0,0
69,98.3,2,2,1,0,0
56,76.8,2,3,1,1,0
54,60.01,1,1,1,1,0
9,75.62,3,2,1,0,1
47,89.5,0,2,1,0,1
45,87.64,1,1,0,0,0
21,77.08,2,0,1,1,0
47,80.45,3,1,1,0,0
58,58.93,1,0,0,0,0
54,91.21,1,1,1,1,1
66,82.99,2,1,0,1,0
35,83.02,0,3,0,0,0
57,37.13,3,2,1,0,0
47,76.75,1,3,1,0,0
65,77.27,0,1,1,0,0
68,79.97,1,1,1,0,0
7,15.0,1,1,0,1,0
66,25.37,0,2,0,0,0
53,69.21,0,2,0,0,0
28,44.12,0,1,1,0,0
62,71.31,2,2,1,1,0
65,61.52,1,1,1,0,0
34,80.93,0,0,1,0,0
30,51.86,3,3,1,0,1
6,41.5,0,3,1,0,0
20,73.92,0,3,1,0,0
39,57.53,1,0,0,0,0
60,39.12,1,2,1,0,0
18,22.58,0,3,1,1,0
55,127.44,0,1,1,0,0
3,55.68,2,3,1,0,1
1,58.09,2,1,1,1,1
67,22.79,1,1,1,1,0
1,42.12,1,3,0,0,0
60,59.7,1,2,0,0,0
46,69.65,1,0,0,0,0
46,78.89,1,2,1,0,0
59,47.58,1,2,1,1,0
54,72.79,0,2,0,1,0
61,86.51,0,2,0,0,0
48,52.39,1,0,0,0,0
71,61.46,0,2,0,1,0
33,25.87,1,2,1,1,0
30,46.09,2,0,1,0,0
9,34.49,3,1,0,0,0
68,76.59,1,1,1,1,0
21,59.11,1,1,1,0,0
64,95.5,2,1,0,0,0
36,66.72,3,3,1,1,0
18,79.3,1,1,1,0,0
42,73.45,1,2,1,0,0
8,67.06,5,2,0,0,1
22,40.85,2,1,0,0,1
42,96.89,1,0,0,0,0
10,61.02,1,1,1,0,1
6,25.02,2,2,1,0,1
25,51.01,2,0,1,0,0
56,40.18,0,2,0,0,0
14,87.14,2,0,0,0,1
68,84.48,1,1,1,0,0
67,94.43,1,0,0,0,0
7,107.93,0,3,1,1,1
16,49.52,1,1,1,0,0
36,23.97,0,3,1,0,0
28,43.5,1,1,0,0,0
25,71.34,0,2,0,0,0
39,15.0,1,2,1,0,0
45,50.47,1,1,1,0,0
18,80.31,0,3,1,0,0
35,45.29,0,0,1,0,0
36,60.41,2,0,1,0,1
18,44.12,2,1,1,0,0
40,99.01,1,0,1,1,1
47,103.23,2,1,1,0,0
4,41.87,0,2,1,0,0
57,45.4,0,1,1,0,0
68,65.69,0,3,0,0,0
51,77.48,2,1,1,1,1
39,72.12,1,0,0,0,0
58,76.95,2,0,1,0,0
11,84.08,2,2,1,0,1
28,88.9,1,2,0,1,0
70,103.05,0,3,1,0,0
55,68.1,1,1,0,0,0
12,54.83,1,0,1,0,0
18,63.22,2,3,0,0,0
52,111.15,0,3,0,0,0
42,82.43,1,2,0,0,0
35,79.93,0,1,1,0,0
11,93.12,0,1,1,0,0
19,90.89,3,1,1,0,1
41,114.3,1,2,0,0,1
27,48.59,0,1,1,1,0
59,69.55,3,3,1,0,0
35,81.02,1,2,0,0,0
63,82.38,2,1,0,0,0
27,57.28,0,3,1,0,0
61,31.51,1,3,1,0,0
18,59.55,2,3,0,0,0
31,50.78,0,3,1,0,0
30,62.91,0,2,1,0,0
54,87.96,2,3,0,0,0
31,79.6,1,3,1,0,0
21,41.21,2,1,1,0,0
49,49.33,3,1,0,0,0
17,68.91,2,0,1,1,1
15,88.52,2,1,1,0,1
50,63.45,1,1,0,0,0
4,69.28,1,0,1,0,1
27,33.17,0,2,0,0,0
60,54.39,1,3,1,1,0
64,47.99,0,2,0,0,0
5,68.53,1,1,1,1,1
63,58.63,2,0,1,1,0
45,45.91,0,3,1,0,0
40,41.45,2,3,0,0,0
39,68.28,1,1,0,0,0
4,50.27,2,0,0,0,0
70,87.36,0,0,1,0,0
45,66.83,0,1,0,1,0
14,58.05,2,0,1,0,1
69,82.42,2,3,1,0,0
64,38.65,2,3,1,1,0
42,82.42,3,0,0,0,1
10,48.43,1,1,1,0,1
14,78.43,2,2,1,1,1
13,49.15,4,2,1,0,1
64,43.57,0,1,0,0,0
47,24.88,2,3,1,0,0
23,64.01,3,2,0,1,0
12,73.11,2,0,0,0,0
31,34.02,1,3,1,1,0
42,99.83,0,1,1,0,0
34,62.64,0,1,1,0,0
48,39.52,3,3,0,0,0
39,103.53,1,2,1,0,0
9,54.45,1,3,1,0,0
57,93.2,1,3,1,0,0
57,15.0,2,0,1,0,0
51,107.53,4,3,1,0,1
31,66.77,2,0,1,1,1
3,62.72,0,3,1,0,1
69,69.45,1,0,0,0,0
71,38.81,1,2,0,1,0
1,81.95,0,2,1,0,1
16,71.86,0,3,0,1,0
6,69.39,3,1,1,0,1
43,50.92,0,2,1,0,0
45,38.57,2,2,0,0,0
54,70.15,0,1,0,0,0
19,79.66,0,3,0,0,0
15,65.53,1,0,0,1,0
29,58.49,0,3,1,0,0
56,51.84,1,0,0,0,0
65,77.43,1,2,1,1,0
48,92.65,1,3,0,0,0
25,59.43,0,0,0,0,0
42,44.93,1,1,0,0,0
4,113.55,2,2,1,0,1
71,30.42,1,2,0,1,0
11,67.91,1,1,1,0,0
28,60.44,1,3,1,0,0
40,89.67,4,3,0,0,0
35,59.72,1,1,1,1,1
56,28.21,0,0,1,1,0
24,39.1,0,2,1,0,0
54,64.79,2,0,1,0,0
37,62.07,1,2,0,0,0
34,48.85,2,1,1,0,0
28,50.97,2,0,1,1,0
18,30.3,1,0,0,0,0
33,31.96,0,2,0,0,0
10,49.56,0,2,0,0,0
2,48.33,0,0,1,0,0
16,59.64,4,2,0,1,0
62,38.24,1,0,1,0,0
15,94.86,0,3,0,0,0
7,26.41,0,0,0,0,0
65,80.56,0,1,0,0,0
10,74.03,1,2,1,0,1
29,95.42,2,1,1,0,1
62,91.33,2,3,1,0,1
9,35.64,3,1,1,0,1
32,70.22,1,0,1,0,1
46,78.67,1,3,1,1,0
59,82.43,1,0,1,1,0
33,73.65,2,3,0,0,0
9,51.33,0,3,1,0,0
3,89.72,1,1,0,0,1
59,60.71,0,2,0,0,0
70,53.13,0,0,1,0,0
15,67.05,1,3,1,1,1
68,54.04,1,1,0,1,0
45,49.5,0,0,1,0,0
19,65.78,0,3,0,0,0
25,117.45,1,2,0,1,0
60,69.94,2,1,0,0,0
11,65.02,6,3,0,1,1
33,54.12,1,1,1,0,0
31,70.6,2,3,0,1,0
48,39.1,0,3,0,0,0
68,73.4,1,0,1,1,0
47,68.95,2,3,1,1,0
64,65.23,0,0,0,0,0
52,73.2,4,0,1,1,1
25,59.36,0,2,1,0,0
32,77.08,2,3,0,1,0
14,74.47,0,0,1,0,1
11,74.91,1,2,1,0,1
28,63.5,1,2,0,0,0
58,81.55,4,0,1,0,1
38,59.69,0,0,1,1,0
32,89.88,2,2,1,1,1
54,61.14,2,0,1,0,0
32,89.66,0,3,1,0,0
24,68.68,0,0,0,1,0
54,62.83,1,1,0,0,0
31,42.82,1,1,1,0,0
49,76.43,1,2,0,0,0
5,70.85,1,0,1,1,1
71,64.46,1,0,1,1,0
28,71.87,0,1,0,1,0
28,66.23,1,3,1,0,1
64,44.69,0,0,1,1,0
46,39.38,4,2,1,0,0
31,76.46,0,3,0,0,0
6,67.24,2,2,0,0,1
44,94.74,0,0,1,0,1
8,104.82,2,0,1,1,1
41,80.52,1,3,1,0,0
19,76.66,1,3,1,0,0
53,75.17,0,1,1,1,0
20,65.69,1,3,1,0,1
70,50.45,1,1,1,0,0
32,15.0,1,1,1,0,0
25,79.23,0,0,0,0,0
17,75.63,3,1,1,1,1
35,64.26,0,1,1,0,0
67,66.23,1,0,1,0,0
10,83.49,3,2,1,0,1
31,82.39,3,3,0,0,0
34,67.54,0,0,1,0,1
28,58.49,2,3,1,1,1
7,75.92,0,0,0,0,0
65,80.0,1,0,1,0,0
65,108.9,1,1,1,0,1
57,44.93,1,2,0,0,0
57,73.79,0,1,0,0,0
55,45.52,3,2,0,0,0
5,54.25,1,0,0,0,1
65,111.74,0,2,1,0,0
64,55.07,2,3,1,0,0
53,61.0,0,2,1,0,0
33,51.73,2,0,0,0,0
22,81.26,0,2,0,1,0
65,54.93,2,2,1,0,0
69,29.36,1,3,1,0,0
12,66.44,0,1,1,0,1
2,80.49,3,1,1,0,1
9,62.99,1,3,0,0,0
64,66.71,0,3,0,0,0
38,49.15,2,2,1,0,0
30,44.17,1,1,1,1,0
23,63.51,1,0,0,0,1
24,40.07,2,2,1,0,0
70,54.29,2,0,0,0,0
34,42.99,0,1,0,0,0
8,58.46,1,2,1,0,1
29,79.6,0,0,1,1,1
4,62.53,1,2,0,0,0
62,86.51,1,1,1,1,1
39,70.7,1,1,1,0,1
58,60.49,1,0,1,0,0
53,44.51,0,3,0,0,0
54,65.21,2,0,1,0,1
2,39.2,0,1,1,0,1
17,78.63,0,2,1,0,0
64,35.41,1,0,0,0,0
32,34.41,1,2,0,0,0
30,45.41,1,0,0,0,0
6,28.56,0,2,1,1,0
13,65.11,1,1,1,0,0
53,47.03,1,2,0,0,0
5,53.42,1,0,1,0,0
3,75.61,1,1,0,1,1
35,17.49,0,1,1,1,0
29,57.78,2,3,0,1,0
60,70.18,1,0,1,1,1
11,83.83,2,3,0,0,0
71,65.58,1,3,1,1,0
61,49.08,1,0,0,1,0
27,82.04,2,0,0,0,0
66,81.89,0,2,0,0,0
37,108.35,0,0,0,0,0
21,107.07,1,1,1,0,1
41,58.64,0,3,1,0,0
62,91.05,1,2,0,0,0
17,67.21,1,3,1,1,1
13,41.97,4,2,0,1,1
63,77.4,1,0,0,0,0
51,89.76,1,1,1,0,0
28,15.0,0,0,1,0,0
18,90.25,2,1,0,0,1
15,45.86,1,2,1,1,0
32,95.94,1,3,0,0,0
64,67.75,2,1,0,0,0
44,65.99,0,3,1,1,0
38,91.59,0,1,1,1,1
25,56.06,1,0,0,0,1
35,105.85,0,0,0,0,0
15,43.13,2,3,0,1,0
61,50.52,1,3,0,0,0
42,40.52,2,0,0,0,0
31,73.89,1,0,0,0,0
57,61.33,2,2,1,0,0
41,79.19,0,2,1,0,0
71,85.25,1,0,0,0,0
4,79.06,5,3,1,1,1
23,84.87,2,0,0,1,0
41,85.07,2,1,0,0,0
19,60.88,0,3,1,0,0
43,47.42,1,3,1,0,0
6,42.38,1,0,1,0,1
14,77.85,0,2,0,0,0
15,51.55,2,2,0,0,0
37,42.49,3,1,0,0,0
2,45.13,3,0,1,1,1
13,57.85,2,1,1,1,1
18,67.0,0,0,0,0,0
61,57.05,0,3,0,0,0
52,41.09,0,2,0,0,0
35,73.24,1,2,1,0,0
9,16.29,1,2,0,1,0
67,55.35,2,3,1,0,0
46,83.22,1,1,1,0,0
51,67.3,1,0,1,0,0
21,86.19,2,2,1,1,0
21,63.89,1,0,0,0,0
17,73.58,0,3,1,0,0
50,62.55,0,3,1,1,0
35,52.81,1,3,1,0,0
64,69.34,2,3,1,0,0
31,81.46,1,0,1,0,0
69,21.09,0,2,1,0,0
32,44.73,1,3,0,0,0
45,18.34,1,3,1,0,0
9,42.07,0,1,1,0,0
9,34.81,1,0,1,0,0
41,51.19,2,2,1,0,0
48,54.89,1,2,0,0,0
65,80.52,0,3,1,0,0
58,86.11,1,2,0,0,0
1,44.32,1,3,0,0,0
8,50.63,3,1,1,0,1
6,73.5,2,2,0,0,1
35,47.52,0,1,1,0,1
42,52.37,1,2,0,0,0
16,22.74,2,2,1,0,0
23,75.57,3,3,0,0,0
33,65.99,2,2,0,0,0
18,40.95,0,2,1,0,1
16,33.54,0,0,1,0,0
71,38.84,2,0,0,0,0
17,69.58,2,2,1,0,0
22,50.69,0,0,1,0,0
8,35.63,2,2,0,1,0
66,53.93,4,0,1,0,0
46,78.2,0,0,0,0,0
44,86.28,4,3,1,0,1
26,88.2,1,0,1,0,1
3,63.49,1,3,0,0,0
7,66.32,0,2,0,0,0
19,67.1,0,1,1,0,1
30,74.81,2,1,1,0,1
6,73.29,1,3,1,0,0
13,41.58,0,0,1,0,0
39,46.24,0,2,0,0,0
54,53.41,1,0,0,0,0
65,75.72,1,0,1,0,0
44,50.89,1,1,1,0,0
4,45.62,0,0,1,0,1
47,82.17,0,2,1,0,0
2,91.14,1,3,0,0,0
18,42.81,3,1,0,0,0
3,58.54,1,0,0,0,0
12,84.92,0,1,1,0,1
20,53.2,0,0,1,0,0
48,80.11,1,1,1,0,0
12,32.45,1,1,0,0,0
43,56.88,2,2,0,0,0
69,74.77,1,3,1,0,0
25,92.61,0,2,1,0,0
56,80.76,1,1,1,0,0
45,28.3,1,1,1,0,0
67,30.02,2,3,1,0,0
23,43.6,1,0,0,0,0
42,78.22,0,1,1,0,0
24,76.18,0,1,0,0,0
59,83.45,0,1,1,0,0
3,75.39,1,0,1,0,1
51,49.61,3,0,1,0,0
4,53.58,1,2,1,1,0
21,43.1,1,0,0,1,0
52,78.23,1,2,0,0,0
47,35.53,0,2,1,1,0
30,62.53,2,3,1,1,0
21,66.27,2,3,0,0,0
36,86.36,0,0,0,1,0
33,45.66,0,1,0,0,0
17,69.39,0,0,0,1,0
59,40.82,0,3,0,0,0
29,82.18,2,0,0,1,0
16,53.84,1,2,1,0,0
18,54.98,3,0,0,0,0
13,41.83,0,1,1,0,0
63,48.85,4,1,1,1,0
61,48.03,2,3,0,0,0
14,48.79,1,2,0,0,0
33,84.87,0,2,0,1,0
41,41.11,0,2,0,0,0
13,66.2,0,0,0,0,0
1,78.31,0,2,1,1,1
23,38.15,1,0,1,0,0
63,17.45,1,3,1,1,0
20,70.84,0,0,1,1,1
51,27.64,1,1,0,0,0
64,45.44,2,2,0,1,0
14,59.26,2,2,0,0,0
34,66.84,2,3,1,1,0
31,55.81,4,3,0,0,0
66,46.94,1,2,0,0,0
42,81.47,0,1,0,0,0
34,65.82,1,1,1,0,0
23,100.4,0,0,1,1,1
67,42.92,1,1,1,0,0
10,59.43,4,3,1,0,1
66,60.4,2,2,1,0,0
44,72.27,1,0,1,0,0
41,66.0,1,0,0,1,0
38,61.81,1,1,1,1,0
56,101.14,2,1,1,0,0
15,58.08,2,2,1,0,0
21,70.3,3,0,1,0,1
18,65.17,3,2,0,0,0
9,48.97,0,2,1,1,0
2,76.47,0,1,1,0,0
43,23.5,1,1,1,1,0
45,84.59,1,1,0,0,0
4,29.81,2,1,0,0,0
44,54.99,2,1,1,0,1
34,63.42,0,3,1,1,0
37,51.38,2,2,0,0,0
45,50.8,1,3,1,0,0
41,85.69,0,2,0,0,0
55,109.96,3,0,0,0,1
69,82.56,2,1,0,0,0
64,64.68,1,0,1,0,0
25,48.66,1,3,1,0,0
15,45.8,1,0,0,1,0
20,85.96,0,2,0,0,0
62,79.55,0,0,0,0,0
26,88.17,1,0,1,1,1
36,81.75,1,1,0,0,0
8,88.31,1,1,1,0,0
45,49.21,1,2,0,0,0
31,45.42,0,1,0,1,0
33,40.82,0,2,1,0,0
49,60.81,3,0,1,0,0
61,57.46,2,2,1,1,0
39,63.61,0,2,0,0,0
22,36.94,1,2,1,0,0
23,64.83,1,3,0,0,0
1,77.67,2,2,1,0,1
68,62.91,2,3,0,1,0
59,15.0,1,0,1,1,0
12,60.85,1,0,0,0,1
47,54.08,0,1,1,0,0
41,79.88,2,2,0,0,0
51,58.08,1,3,1,0,0
10,74.13,1,3,1,1,1
9,53.49,1,2,0,0,1
49,67.93,2,2,0,0,0
15,80.98,3,1,1,0,1
39,55.83,3,3,1,0,0
45,67.57,2,2,0,0,0
68,64.59,2,1,1,1,0
54,73.68,2,0,0,1,0
65,58.9,0,2,1,1,0
47,70.93,0,1,0,0,0
47,24.36,0,3,1,1,0
43,56.63,1,1,0,0,0
56,78.0,2,3,1,0,0
47,74.83,1,1,0,1,0
59,41.85,4,0,0,0,0
11,45.15,0,2,1,0,0
4,69.29,0,2,1,0,1
33,68.53,2,2,1,0,0
58,70.64,0,2,0,0,0
24,62.56,2,2,0,1,0
51,63.43,0,2,1,0,0
53,82.16,2,1,1,1,0
56,42.49,2,3,0,1,0
37,33.4,2,3,0,0,0
64,81.6,1,0,0,0,0
52,45.88,2,0,1,0,0
42,75.09,2,2,1,0,0
50,47.61,2,0,0,1,0
42,39.04,0,2,1,1,0
65,92.29,0,1,1,0,0
46,59.82,2,3,1,0,0
61,32.9,0,2,0,1,0
61,56.76,0,3,1,1,0
4,57.7,2,2,1,0,1
21,56.91,0,1,1,0,0
48,64.43,2,0,1,0,1
48,37.92,0,0,1,0,0
27,55.33,2,1,0,0,0
59,70.08,2,0,0,1,0
8,73.45,2,1,1,0,1
28,62.73,0,0,1,1,1
34,44.9,0,2,0,0,0
10,21.41,1,1,0,0,0
60,90.36,1,3,1,0,0
4,38.54,1,2,1,0,0
57,51.92,1,1,1,0,0
64,61.29,1,3,0,0,0
8,69.96,0,0,1,0,0
32,60.53,1,2,1,1,1
15,44.64,2,0,1,0,1
61,60.24,1,1,1,0,0
50,102.61,1,1,1,0,0
23,111.27,2,0,1,1,1
69,56.66,3,2,1,0,0
14,74.02,3,0,1,1,1
6,25.99,4,1,0,1,1
30,65.36,1,0,0,1,0
7,75.4,1,0,1,1,1
42,55.08,1,2,0,0,0
50,97.66,0,0,0,0,0
63,78.74,0,2,0,1,0
44,73.49,1,3,0,0,0
3,15.0,2,0,1,0,1
58,48.88,1,2,1,1,0
36,75.48,0,3,1,1,0
15,51.36,3,1,1,0,1
46,25.93,0,3,0,0,0
36,49.63,0,3,1,0,0
27,91.75,0,1,1,0,0
57,74.88,1,0,0,0,0
45,78.65,0,3,0,1,0
28,65.18,0,3,0,0,0
59,93.68,1,2,1,0,0
29,15.0,1,1,1,0,1
66,37.36,2,0,0,1,0
3,99.84,2,2,0,0,0
31,82.46,0,2,1,0,0
57,66.25,2,1,0,0,0
39,54.5,1,0,1,0,0
32,25.04,0,0,0,1,0
36,52.82,1,1,0,0,0
27,58.56,1,2,0,0,0
61,42.85,1,1,0,0,0
47,89.01,0,0,0,1,0
69,82.1,4,1,0,1,0
61,55.74,0,3,1,0,0
70,79.52,0,2,1,1,0
62,60.58,1,3,0,0,0
33,66.87,0,1,0,0,0
25,51.8,1,1,1,0,0
19,111.22,0,1,0,0,1
44,31.39,2,0,1,0,0
28,58.59,1,2,1,0,0
28,82.25,1,3,1,0,1
51,82.07,2,3,0,0,0
60,28.89,1,2,0,0,0
57,42.48,1,2,0,0,0
57,59.54,0,0,0,0,0
57,45.42,1,0,0,0,0
47,48.04,1,0,1,1,0
8,56.43,1,2,1,1,1
59,58.37,0,2,0,0,0
57,83.63,3,1,0,0,1
37,27.34,2,1,1,0,0
23,82.73,2,3,0,0,1
41,56.96,1,3,1,1,0
58,73.25,0,2,0,1,0
12,54.54,2,2,1,0,1
19,108.73,1,2,1,1,1
51,25.39,3,0,1,0,0
48,85.37,1,2,0,0,0
21,52.62,0,3,0,0,0
57,56.95,1,0,1,0,0
40,90.13,1,0,1,0,1
24,57.55,2,3,1,0,1
1,79.81,0,2,0,1,0
61,90.82,0,2,1,0,0
29,49.7,1,2,0,0,0
36,102.33,3,0,0,0,1
44,87.04,2,1,1,0,0
65,57.3,1,3,0,0,0
45,66.25,2,3,1,0,0
49,47.46,1,1,0,0,0
41,67.71,1,0,0,0,0
43,79.34,1,0,1,0,1
18,82.02,1,3,1,0,0
39,66.37,0,1,0,0,0
47,51.45,2,2,1,0,0
25,48.89,2,3,1,0,0
47,42.63,0,3,1,1,0
48,56.25,1,0,0,0,0
42,73.95,3,1,1,0,1
55,50.17,0,3,0,1,0
27,48.16,0,3,1,0,0
27,40.61,3,1,1,0,1
11,73.32,1,0,0,1,1
51,56.62,1,0,0,0,0
40,29.31,0,3,1,0,0
36,84.07,3,1,1,0,1
4,83.08,0,0,1,0,1
43,62.2,0,3,1,1,0
66,54.76,2,1,0,0,0
4,61.1,1,0,1,1,1
26,43.25,4,0,0,0,0
33,81.96,2,2,1,1,0
21,89.61,0,1,1,0,0
11,82.44,1,2,0,1,1
32,66.59,1,3,1,0,0
71,66.48,0,3,1,0,0
8,72.48,0,0,1,0,1
13,96.06,0,3,0,1,0
63,45.85,5,0,0,0,0
64,61.43,1,3,0,0,0
70,48.0,1,0,0,0,0
7,37.49,2,0,1,0,1
59,68.48,2,2,1,1,1
44,84.48,2,0,1,0,1
41,40.57,3,3,0,1,0
61,81.57,4,2,1,0,0
67,75.26,2,1,1,0,0
59,71.13,0,1,1,1,0
24,89.06,1,3,1,0,0
47,48.59,3,3,1,0,0
34,94.13,4,1,0,0,1
34,54.6,1,0,1,0,1
13,72.66,0,2,1,0,0
33,30.85,1,2,0,1,0
31,81.29,1,2,0,0,0
2,62.35,1,2,1,1,1
66,50.45,0,0,1,1,0
31,41.14,0,3,1,0,0
48,65.78,1,3,1,0,0
8,88.34,2,3,1,0,0
39,72.34,2,3,1,0,0
46,54.89,1,1,0,1,0
39,46.36,1,1,0,0,0
36,40.71,0,3,1,0,0
46,55.1,1,0,0,1,0
60,29.54,1,1,0,0,0
44,54.11,0,2,1,0,0
1,83.57,0,1,0,0,0
33,60.41,1,2,0,0,0
30,58.5,1,2,1,0,0
37,49.57,1,3,0,1,0
51,75.86,0,0,1,0,0
8,74.22,1,3,1,1,0
58,90.02,1,0,0,0,0
32,47.56,1,1,1,1,0
37,39.21,1,1,1,1,0
48,49.33,0,3,1,1,0
36,36.81,2,0,0,0,0
16,60.42,0,3,1,1,0
31,52.77,2,3,0,0,0
20,44.15,0,2,0,0,0
9,60.37,2,3,1,0,0
58,81.48,0,1,1,0,0
41,75.68,2,0,1,0,0
10,48.75,1,1,0,1,1
21,62.02,1,1,1,0,1
14,67.59,0,0,0,1,0
36,74.55,2,2,1,0,1
59,54.4,1,2,0,1,0
46,35.51,1,0,1,0,0
9,68.17,0,1,1,0,1
52,41.84,1,3,0,0,0
22,53.87,2,3,1,0,0
53,55.88,1,2,0,0,0
65,79.68,2,2,1,0,1
37,51.83,0,2,1,0,0
30,64.51,2,2,1,1,0
71,56.96,2,1,0,0,0
59,50.27,0,2,1,0,0
54,78.82,0,0,0,0,0
55,51.99,3,3,1,0,0
41,70.78,2,0,1,0,1
2,66.96,2,1,0,1,1
42,24.23,1,2,0,0,0
16,28.25,0,2,1,0,0
67,15.0,0,3,0,1,0
65,67.12,2,3,0,0,0
62,66.42,1,2,0,0,0
23,50.76,1,3,1,0,0
61,50.77,0,3,1,0,0
29,54.85,1,1,0,0,0
39,48.64,1,0,0,1,0
67,60.46,1,2,0,1,0
38,60.5,2,1,0,0,0
8,43.45,1,2,0,1,0
53,89.7,3,3,0,1,0
69,81.42,1,0,1,0,0
19,53.14,3,0,0,0,0
46,104.63,2,1,1,0,1
39,110.25,0,3,0,0,0
45,86.09,0,1,1,1,0
57,85.19,0,0,0,0,0
1,49.71,2,2,0,0,0
64,55.08,1,1,1,0,0
45,29.81,1,3,1,0,0
23,53.03,2,1,1,1,0
59,80.9,0,1,0,0,0
45,53.23,1,2,1,0,0
28,27.89,0,2,1,0,0
60,93.45,0,3,0,0,0
6,100.75,1,3,0,0,1
31,91.7,2,1,0,0,1
10,30.91,0,2,0,1,0
55,78.0,1,2,0,0,0
6,44.9,1,2,0,0,1
12,58.71,0,3,1,0,1
30,75.47,1,3,0,0,0
64,92.12,2,0,1,0,1
59,48.99,1,0,1,0,0
67,54.54,3,1,0,0,0
5,36.23,2,1,1,0,1
59,61.66,2,1,1,0,0
29,42.0,3,3,0,1,0
50,51.58,3,0,1,0,0
29,76.74,1,3,0,0,0
62,61.27,2,2,1,1,0
29,63.93,1,0,1,0,1
21,67.15,0,1,1,1,0
38,77.62,0,2,1,0,0
2,89.29,2,2,1,0,1
39,38.21,2,1,1,1,0
41,29.3,1,1,0,0,0
15,71.88,2,1,1,1,1
10,75.48,4,2,0,1,0
57,89.45,1,1,0,0,0
61,77.28,1,3,0,1,1
37,96.27,0,1,1,0,1
10,71.83,0,0,1,1,1
25,48.82,1,1,0,0,0
65,81.68,0,0,0,1,0
69,43.67,2,2,0,1,0
13,47.8,0,1,0,0,0
51,69.75,1,0,1,1,0
66,56.44,3,3,0,1,0
12,80.31,0,0,1,0,0
49,54.07,3,1,1,1,1
69,98.25,1,1,0,0,0
8,41.07,1,2,0,0,0
42,75.75,0,2,1,0,0
21,52.3,2,1,1,1,1
25,90.0,0,0,1,1,1
22,50.08,1,0,0,0,0
17,77.0,0,1,0,0,0
12,15.0,1,3,1,0,0
5,46.87,2,2,0,1,0
43,94.88,1,3,1,1,0
18,65.59,2,3,1,0,0
45,63.45,2,2,0,0,0
21,79.57,1,1,0,0,1
32,110.17,0,1,1,0,1
25,39.72,1,1,0,0,0
10,60.2,0,0,1,0,1
71,52.61,3,3,1,0,0
45,75.98,1,3,0,0,0
43,47.67,1,1,0,1,0
22,30.46,2,2,1,1,0
14,31.23,0,0,1,1,0
5,75.16,0,1,1,0,0
27,66.11,1,1,0,1,0
56,79.15,0,3,0,0,0
31,29.72,0,1,1,0,0
6,43.77,1,0,1,0,0
6,50.95,1,2,0,0,0
50,78.99,3,0,0,0,1
34,70.86,1,3,0,1,0
24,58.48,2,0,1,0,0
37,41.71,3,1,1,0,0
2,65.75,1,1,1,1,1
65,52.38,0,1,0,0,0
31,79.81,1,1,0,0,0
31,97.05,0,1,0,0,0
7,64.36,1,0,0,0,0
49,39.45,0,3,1,0,0
46,109.85,2,2,1,1,0
49,74.77,1,3,1,1,0
24,72.81,3,3,0,0,0
13,64.34,3,1,1,0,1
53,65.51,3,1,0,0,0
41,63.93,1,2,0,0,0
35,67.33,2,2,1,1,0
32,31.94,1,2,1,0,0
65,47.74,3,0,0,0,0
12,60.29,4,3,0,0,0
48,65.08,1,0,1,0,0
2,66.06,1,2,1,0,1
19,70.77,1,2,0,0,0
71,25.49,0,3,0,0,0
12,42.69,0,3,1,0,0
7,48.7,4,1,1,0,1
30,64.8,2,1,1,1,1
63,58.27,1,3,0,0,0
44,101.94,3,0,1,0,1
27,54.5,1,0,1,0,1
54,57.25,0,3,1,1,0
6,31.0,3,0,0,0,1
71,98.79,4,3,1,1,0
69,63.79,0,1,1,1,0
7,59.84,2,0,0,0,1
47,49.19,1,0,0,0,0
46,63.9,0,1,0,1,0
29,55.11,3,2,1,1,1
37,86.58,0,3,1,0,0
60,45.94,0,0,0,0,0
47,53.46,1,0,0,1,0
51,51.49,4,2,0,0,0
9,74.02,2,3,0,0,0
30,68.85,0,0,1,0,0
56,81.98,1,2,0,0,0
51,73.1,1,0,1,0,0
18,73.7,0,0,1,0,1
53,63.34,2,3,0,0,0
59,80.43,1,2,0,0,0
13,71.97,1,1,1,0,1
69,68.93,1,2,1,1,0
51,30.03,0,3,0,0,0
45,52.86,3,0,1,0,1
66,48.4,3,3,1,0,0
15,25.72,1,3,0,0,0
49,88.51,1,2,0,0,0
43,91.35,1,1,1,0,1
57,84.04,3,3,1,0,0
18,73.71,3,3,0,0,1
71,92.08,2,2,1,1,0
64,28.48,1,2,0,0,0
57,87.75,0,3,1,0,0
30,21.44,0,3,0,1,0
34,65.33,2,2,1,0,1
55,64.5,1,1,1,1,0
40,72.42,2,0,0,0,0
31,75.23,3,2,0,0,0
55,76.39,1,0,0,0,0
33,48.0,0,0,1,0,0
45,48.47,1,3,1,0,0
7,45.32,2,3,1,0,1
6,64.62,1,2,1,1,1
16,55.14,1,2,1,0,0
5,30.07,0,2,1,0,0
15,81.28,1,3,1,1,0
20,39.09,0,0,1,0,1
46,52.13,3,3,0,0,1
59,47.06,1,2,1,0,0
21,46.97,0,0,1,0,1
16,73.59,2,1,1,1,1
28,48.03,3,3,1,0,0
23,33.1,0,2,0,1,0
2,48.64,2,1,0,0,0
59,41.22,2,2,0,0,0
53,31.05,1,1,0,1,0
10,80.22,2,1,1,1,1
63,85.04,3,0,1,0,1
20,32.95,2,0,0,0,0
16,93.33,1,0,1,0,1
19,98.62,2,1,1,0,0
4,34.06,0,2,1,0,1
4,70.29,0,1,1,0,0
27,56.28,2,2,1,0,1
53,78.53,1,2,0,0,0
67,15.0,0,3,1,0,0
23,74.37,1,3,1,0,1
5,54.49,4,3,0,0,1
29,71.43,2,3,0,0,0
23,79.62,0,0,0,0,0
24,15.0,1,3,1,0,1
2,60.86,0,3,1,1,1
5,61.8,0,3,1,0,0
16,73.94,1,1,1,0,1
60,84.68,0,3,1,0,0
4,77.06,1,3,1,0,1
10,46.4,0,2,1,0,0
57,76.1,0,1,1,0,0
21,46.7,1,1,1,0,0
3,77.33,0,2,1,0,0
52,58.41,1,0,0,0,0
14,58.3,1,0,0,0,0
25,64.59,0,2,1,0,0
7,29.95,0,0,1,0,1
36,55.49,5,0,1,1,1
55,37.94,2,2,1,0,0
24,80.49,2,3,0,1,0
51,87.38,4,1,0,1,0
40,32.91,1,3,1,0,0
26,16.9,1,0,1,0,0
23,66.69,0,0,0,0,0
43,50.42,2,1,0,0,0
33,43.2,5,2,0,1,0
51,107.72,2,2,0,0,0
1,53.55,1,2,1,0,0
28,41.26,1,1,1,1,1
2,56.31,0,1,1,0,1
23,67.63,0,3,1,0,0
36,93.44,2,0,0,0,1
46,68.04,2,3,1,0,0
59,36.79,2,2,0,1,0
16,52.05,0,2,1,0,0
71,98.78,0,0,1,0,1
31,27.02,2,0,1,1,0
58,60.93,0,1,1,1,0
8,85.5,0,2,1,0,0
38,67.29,1,3,1,0,0
70,57.63,0,1,1,1,0
46,44.18,3,1,1,0,1
28,65.14,1,3,0,0,0
48,72.44,0,0,1,0,0
60,66.41,2,3,1,0,1
52,82.51,0,0,1,0,0
36,66.07,0,2,1,0,0
71,87.91,0,2,0,0,0
65,64.85,2,2,1,0,0
25,80.28,2,3,1,0,1
35,55.53,3,3,1,0,0
32,97.0,1,3,1,0,0
9,87.25,2,0,1,0,1
56,75.96,1,3,0,1,0
12,42.26,3,0,0,0,1
16,65.91,1,2,1,0,1
49,15.0,1,1,1,0,0
7,54.84,0,2,0,1,0
52,65.42,1,2,1,1,1
64,44.75,0,1,1,1,0
46,65.34,2,0,0,1,0
2,75.5,2,1,0,0,1
47,98.46,1,2,1,0,1
64,62.53,1,1,1,0,0
66,30.77,1,1,0,1,0
65,15.12,1,2,0,1,0
2,58.92,0,1,0,1,0
12,80.28,0,2,1,0,1
43,84.75,1,2,1,0,0
54,64.23,0,0,1,0,0
41,49.01,0,0,1,0,0
21,48.15,0,1,0,0,0
14,59.46,2,1,1,0,0
20,64.11,1,0,0,0,0
59,74.28,1,0,0,0,0
70,64.71,1,1,1,1,0
59,102.57,0,1,1,0,0
63,65.47,0,2,0,0,0
42,72.24,0,1,0,0,0
55,83.31,3,0,1,0,1
63,81.37,1,0,1,0,0
31,49.41,1,0,1,0,0
51,29.88,1,3,0,1,0
70,36.28,0,0,1,0,0
1,69.82,0,3,1,0,1
41,74.31,0,3,0,1,0
4,69.33,0,0,1,0,1
70,78.31,2,1,1,1,0
32,88.46,1,2,1,0,1
52,47.07,2,1,0,0,0
66,113.78,1,3,1,0,1
4,115.9,2,0,1,1,1
42,77.85,1,2,0,0,0
57,59.07,1,0,0,1,0
63,67.69,3,0,1,0,1
60,34.39,3,1,1,1,0
70,63.11,1,1,1,0,0
63,46.25,0,2,0,0,0
36,60.69,1,2,1,1,1
45,56.19,0,3,1,1,0
17,104.02,0,1,1,0,1
3,45.37,0,1,1,0,0
7,68.85,1,1,0,0,0
62,54.5,0,3,1,0,0
70,94.42,0,0,1,0,0
30,83.95,4,2,1,1,1
16,32.03,0,2,1,0,0
14,42.91,1,2,0,0,0
69,68.23,2,0,1,0,0
15,50.23,2,2,1,0,0
25,71.66,2,0,1,0,1
15,64.28,1,0,1,0,1
52,41.0,0,0,0,1,0
58,56.65,1,3,0,0,0
58,72.22,0,0,0,0,0
6,61.21,2,0,0,0,1
71,65.45,5,1,0,0,1
66,70.16,1,1,1,0,0
42,60.23,2,0,1,1,1
2,89.72,1,0,0,0,0
50,37.3,0,2,1,1,0
52,72.12,0,3,1,1,0
5,52.27,2,0,1,0,1
17,70.79,0,1,1,0,0
13,79.62,1,1,1,1,1
37,75.49,1,1,1,0,0
21,76.24,3,1,1,1,1
13,77.97,1,0,1,0,1
16,73.39,3,2,0,1,0
64,58.07,2,1,1,0,0
66,77.43,2,2,1,1,0
12,82.24,0,3,1,1,0
70,80.1,0,2,1,1,0
34,68.34,1,3,1,0,0
13,68.35,4,1,1,0,1
44,22.82,0,1,1,0,0
13,46.27,1,2,1,0,1
33,58.64,0,2,1,0,0
24,82.73,1,0,0,0,0
16,86.65,3,1,1,0,1
20,65.47,1,1,1,0,1
21,40.04,1,2,0,1,0
14,72.35,2,1,1,0,1
67,82.38,1,3,1,1,0
58,77.9,1,2,1,1,0
9,48.56,1,2,1,0,0
12,40.92,1,2,0,0,0
2,44.48,1,1,1,1,1
47,40.93,0,0,0,1,0
65,82.6,2,2,1,0,0
61,68.78,0,3,1,1,0
63,105.86,1,1,1,0,1
41,95.61,0,1,1,0,1
49,82.79,4,2,1,1,1
29,48.79,0,1,0,0,0
34,75.79,1,2,0,0,0
6,71.54,0,0,1,0,1
68,34.28,1,2,1,0,0
59,36.99,0,3,0,1,0
30,47.67,0,1,1,0,0
16,87.77,1,2,1,1,1
1,54.58,1,0,0,0,0
14,34.63,1,2,1,1,1
31,64.15,1,1,0,0,0
59,74.5,1,1,1,1,0
38,38.04,1,1,1,0,0
59,100.8,1,0,1,1,1
39,47.34,0,1,1,0,0
18,83.62,1,2,0,0,0
64,76.1,1,0,1,0,0
27,47.59,1,2,1,0,0
5,59.95,1,3,1,1,0
48,62.64,1,1,1,1,0
61,55.11,0,2,1,0,0
45,77.44,0,2,0,0,0
38,63.41,1,3,1,0,0
27,27.38,0,0,1,0,0
52,64.1,0,2,1,1,0
10,39.13,0,3,0,0,1
30,57.52,4,2,1,1,1
39,66.9,2,3,1,0,0
22,59.95,0,3,0,0,1
53,82.71,1,0,1,0,0
24,60.65,1,1,1,0,1
18,51.71,2,2,0,1,0
20,95.41,1,3,0,1,1
50,76.99,0,2,1,0,0
33,59.49,1,1,1,0,1
54,62.36,0,0,1,1,0
43,54.09,0,1,0,0,0
11,63.83,1,0,0,0,0
59,42.8,0,1,1,0,0
65,97.66,2,3,1,0,0
13,86.98,0,2,1,0,1
28,16.98,1,0,0,1,0
32,42.81,0,2,1,0,0
9,61.18,0,2,0,0,0
38,49.09,0,2,1,0,0
55,19.23,1,1,0,0,0
59,76.09,0,0,0,0,0
20,38.15,1,1,0,0,0
51,75.85,1,2,1,0,0
59,71.26,0,2,1,0,0
45,92.73,1,3,1,0,0
35,44.12,2,1,1,0,0
48,98.81,2,3,0,0,0
53,37.36,2,2,0,0,0
32,92.31,1,2,1,0,1
11,83.55,0,3,0,0,1
58,70.91,3,1,1,1,1
48,40.22,4,1,1,1,0
60,94.64,0,2,1,0,0
52,78.39,0,3,0,0,0
41,28.63,0,0,1,0,0
57,15.0,0,2,1,1,0
9,48.76,3,3,1,0,1
66,44.78,1,2,1,0,0
31,76.47,1,2,0,1,0
11,64.91,0,1,1,0,1
19,68.55,1,1,0,0,0
54,51.82,1,3,0,0,0
14,81.3,3,3,1,1,1
37,50.62,2,1,1,0,0
22,31.68,0,0,0,0,0
30,15.0,0,2,0,0,0
59,72.68,2,3,1,0,0
62,49.86,2,2,1,0,0
25,27.54,1,1,1,0,0
53,44.39,3,2,0,0,0
31,54.23,2,1,0,0,0
59,76.12,0,1,0,0,0
28,19.19,3,0,1,0,0
10,53.93,1,0,1,0,1
14,77.14,1,2,0,0,0
39,71.82,0,3,0,0,0
41,78.82,3,3,0,1,0
2,102.27,2,0,1,0,1
30,45.09,3,2,1,0,0
71,50.27,2,2,0,0,0
67,84.18,0,3,1,0,0
61,95.23,0,3,0,1,0
44,69.52,1,3,0,0,0
17,56.24,1,1,1,0,0
70,39.39,1,1,1,0,0
7,75.34,0,3,0,0,1
61,69.9,1,0,0,0,0
42,41.25,0,0,1,1,0
35,52.34,3,0,0,0,0
68,43.11,2,0,0,0,0
2,74.72,3,1,1,1,1
52,60.0,1,2,1,0,0
16,88.05,2,2,1,0,1
67,90.25,0,2,1,1,0
9,69.68,1,0,0,1,1
28,87.11,2,3,0,0,0
53,84.25,0,1,0,0,1
32,93.43,2,0,0,0,1
10,53.7,1,0,0,0,0
22,76.04,0,0,1,0,1
46,100.69,0,3,1,0,0
36,76.78,0,1,1,0,0
23,55.14,3,2,1,0,0
37,68.57,1,0,1,1,0
35,109.87,4,0,1,0,1
38,55.85,0,3,1,1,0
54,51.05,2,1,1,1,0
3,82.06,0,2,1,0,1
22,56.24,1,0,0,0,0
6,32.14,1,0,1,0,1
13,31.89,1,2,1,0,0
53,64.11,1,0,0,0,0
21,51.15,1,1,1,0,1
7,93.49,0,0,1,1,0
67,51.73,1,1,1,0,0
41,35.79,0,0,0,0,0
40,48.19,2,0,0,0,0
30,38.87,1,1,1,0,0
21,87.59,0,0,1,0,1
6,48.05,1,0,1,1,1
11,94.36,2,3,1,0,1
44,75.38,1,2,0,0,0
5,105.1,1,3,1,0,1
21,61.85,1,1,0,0,0
24,81.09,0,3,1,0,0
56,21.62,0,3,0,0,0
44,54.48,1,2,1,0,0
19,48.89,4,3,1,1,0
33,87.36,1,3,1,0,1
23,61.39,0,0,1,0,0
58,77.65,1,1,0,0,0
70,49.49,2,1,1,0,0
71,37.88,2,3,1,0,0
13,62.35,4,0,0,0,1
41,90.55,0,1,0,0,0
35,63.05,2,2,1,0,0
25,95.99,1,2,0,0,0
7,57.42,1,1,0,0,0
57,56.94,0,3,1,0,0
57,56.94,2,2,0,0,0
7,58.87,1,0,1,1,0
46,50.12,0,0,0,0,0
54,59.25,2,3,1,0,0
55,47.66,0,1,0,1,0
63,43.17,1,3,1,0,0
36,94.99,1,1,1,0,0
56,81.94,0,3,0,1,0
31,58.01,1,1,0,0,0
8,51.85,1,1,1,1,0
63,32.35,1,3,1,0,0
42,76.06,1,2,0,0,0
24,50.45,1,1,1,0,0
57,103.25,1,2,0,0,0
70,28.84,0,3,1,0,0
30,71.08,1,1,0,0,0
18,88.82,2,1,1,1,0
60,53.33,2,2,1,0,0
63,105.43,3,1,1,1,1
12,84.65,0,2,0,0,0
26,84.37,1,1,1,0,0
38,46.8,1,2,1,0,0
51,85.16,2,3,1,0,0
40,84.8,0,3,1,1,0
1,67.09,2,2,1,0,1
56,100.89,0,1,0,1,0
9,71.29,1,1,1,0,1
30,18.46,0,0,0,0,0
32,71.4,2,0,1,0,1
19,100.05,1,0,1,0,1
57,52.2,4,3,0,1,0
51,79.67,0,3,0,0,0
11,51.55,0,1,1,0,0
9,64.45,1,1,0,0,1
49,15.0,2,2,0,0,0
27,27.68,0,2,1,0,0
1,58.34,1,3,1,0,0
34,52.64,0,1,1,0,0
24,26.4,4,2,0,1,0
56,78.64,1,3,1,1,0
35,71.42,1,3,0,0,0
31,46.33,1,1,1,0,0
50,22.13,2,2,0,0,0
40,75.87,3,0,0,0,0
48,54.05,1,0,1,0,0
49,78.86,1,2,1,1,0
54,87.0,3,0,1,0,1
48,56.81,0,3,1,0,0
56,59.1,1,2,1,0,0
69,79.17,1,2,0,0,0
61,58.35,1,0,1,0,0
33,23.24,1,0,0,0,0
19,75.71,0,1,0,0,0
41,69.68,2,3,0,0,0
52,51.47,3,0,1,1,0
2,73.65,0,2,0,0,0
47,55.18,4,2,1,0,0
14,54.52,2,1,0,0,0
39,78.97,3,3,0,1,0
18,34.62,0,3,1,0,0
49,29.61,2,3,1,0,0
15,59.4,1,3,0,1,0
33,35.58,0,3,0,1,0
37,80.01,1,0,1,1,0
70,47.25,3,1,1,0,0
15,27.07,3,2,1,1,1
58,54.12,1,3,0,0,0
41,16.87,1,0,1,0,0
53,90.16,2,0,1,1,0
59,61.7,0,3,0,1,0
41,76.18,2,2,1,0,0
6,72.86,1,2,0,0,0
67,66.39,0,1,0,0,0
18,41.07,2,0,0,0,0
42,78.3,0,3,1,0,0
36,55.54,0,1,1,0,0
24,46.72,0,3,0,0,0
4,20.79,0,3,0,1,0
30,88.39,0,0,1,0,1
11,57.49,2,1,0,0,1
21,53.89,0,1,0,0,0
41,23.46,0,3,1,0,0
59,81.32,2,2,1,0,0
29,60.03,0,2,1,1,0
31,82.84,1,2,1,0,0
65,61.55,1,0,1,0,0
69,45.0,2,1,1,1,0
41,73.87,0,2,1,0,0
34,30.36,2,2,1,0,0
54,30.71,1,0,0,0,0
43,60.91,0,2,1,0,0
25,77.43,0,2,1,0,0
1,84.96,1,2,1,0,1
27,60.42,1,3,1,0,0
69,59.9,0,0,1,0,0
61,66.45,1,3,1,1,0
50,58.09,1,3,1,1,0
44,52.08,2,3,1,1,0
25,72.43,1,2,1,0,0
65,52.03,3,1,1,0,0
67,57.89,0,1,0,1,0
18,86.59,0,0,1,0,0
64,66.77,1,0,1,0,0
9,51.75,1,1,1,0,1
46,76.43,0,2,1,0,0
49,59.41,0,1,1,1,0
62,76.02,0,1,0,0,0
9,44.8,0,1,1,0,1
21,46.59,3,2,1,0,0
6,33.31,1,3,0,0,0
2,85.02,2,1,0,0,1
28,90.68,0,0,1,0,0
66,86.35,2,0,1,1,1
49,69.43,2,3,1,1,0
47,66.25,1,1,1,0,0
26,57.45,1,0,1,0,0
43,74.03,1,2,0,0,0
54,58.44,0,1,0,0,0
61,41.67,2,0,1,1,0
33,82.35,0,1,0,0,0
20,80.31,1,1,1,0,1
21,72.79,0,3,1,0,0
39,60.81,2,3,0,0,0
38,54.42,1,2,1,0,0
68,64.02,1,1,0,1,0
43,66.35,1,1,0,1,0
38,38.56,0,2,0,0,0
11,52.93,1,1,0,1,0
6,40.76,2,0,0,0,1
43,84.5,3,3,0,0,0
64,34.82,2,1,1,1,0
12,37.71,0,2,0,1,0
46,44.22,0,0,0,0,0
69,65.21,0,3,1,0,0
61,43.29,4,1,1,0,0
38,97.26,1,2,1,1,0
70,76.68,3,0,1,0,0
15,15.0,1,1,0,0,0
28,66.41,1,0,1,0,0
4,68.89,1,1,0,0,1
40,36.44,1,3,0,0,0
16,60.04,1,2,1,0,0
24,63.54,1,3,1,1,0
23,48.95,1,0,0,0,0
58,59.76,3,2,0,0,0
41,68.56,1,2,0,1,0
5,51.44,1,1,0,0,0
48,60.5,1,2,1,1,0
66,37.6,3,2,1,0,0
51,74.37,1,0,1,0,1
61,48.95,1,1,1,0,0
32,86.17,0,1,1,0,1
26,103.18,5,2,0,1,1
45,95.43,1,1,0,1,0
71,52.4,1,3,0,0,0
40,70.37,0,1,1,1,0
35,56.48,1,2,0,1,0
22,70.96,0,1,1,0,1
19,45.02,1,2,1,1,0
16,41.3,1,1,1,0,0
68,60.63,1,0,1,1,0
29,45.54,2,0,1,0,0
62,86.31,2,2,1,1,1
49,76.22,1,1,1,1,0
71,68.41,2,2,0,0,0
10,58.69,1,2,1,0,1
34,58.24,0,2,1,0,0
46,81.17,0,2,0,1,1
65,63.18,1,1,0,0,0
2,61.96,0,1,1,0,1
31,99.31,3,0,0,0,1
14,64.6,2,1,0,0,1
56,56.52,0,0,0,1,0
48,57.19,2,0,1,0,1
28,87.39,0,1,1,0,1
58,51.8,0,3,0,0,0
48,52.17,0,3,0,0,0
55,83.79,4,1,1,0,1
42,85.17,1,0,0,0,1
49,90.13,1,1,0,1,0
56,44.6,1,2,0,0,0
19,70.65,0,0,0,0,0
24,50.43,0,3,0,0,0
71,70.22,2,1,1,0,0
27,30.11,3,0,1,0,1
43,57.85,1,3,1,1,0
5,83.56,2,0,1,1,1
65,65.97,0,2,1,1,0
14,15.0,1,2,1,0,0
67,81.93,0,2,1,0,0
58,69.22,0,3,0,0,0
17,56.43,2,3,1,1,0
33,61.84,1,0,1,0,0
69,55.43,2,0,1,0,0
15,85.08,1,2,1,0,0
6,61.25,1,1,0,1,0
40,29.74,3,0,0,0,1
46,44.78,0,0,0,1,0
25,94.75,3,1,0,0,1
19,84.6,2,2,1,1,1
30,78.04,2,0,1,1,1
7,46.1,1,0,0,0,0
11,72.89,0,1,0,1,0
41,82.75,0,0,0,1,0
68,64.05,2,2,0,0,0
16,76.76,0,1,0,0,0
2,84.96,2,0,0,0,1
56,82.98,1,3,0,0,1
3,71.31,2,0,1,0,1
33,71.54,2,2,1,0,1
30,37.38,0,2,1,0,0
20,56.3,1,0,1,0,1
23,78.98,0,1,1,1,1
1,96.53,1,0,0,1,1
26,65.91,2,3,0,0,0
50,84.09,0,2,1,1,1
71,62.52,0,3,0,0,0
46,42.84,1,3,1,0,0
40,71.01,0,0,1,0,1
58,71.53,5,0,0,0,1
40,44.38,0,3,0,1,0
28,44.94,1,3,1,0,0
38,63.28,2,0,0,0,0
65,52.08,1,0,1,0,0
44,72.45,2,3,1,0,0
2,35.04,0,0,1,1,0
44,78.75,0,1,1,1,0
66,49.96,0,1,0,0,0
33,69.45,2,0,1,0,1
55,31.01,4,1,1,0,0
52,81.15,1,0,1,0,0
8,66.41,0,2,1,1,1
2,104.76,1,0,1,0,0
71,28.99,1,2,1,0,0
57,25.6,1,0,0,1,0
7,76.8,1,0,1,1,1
9,80.32,0,0,1,0,1
54,26.49,1,2,1,0,0
48,73.06,2,3,1,0,0
18,81.15,0,2,0,0,0
60,90.67,0,3,0,0,0
50,65.04,1,3,1,1,1
63,31.35,0,3,0,0,0
60,23.43,2,0,1,0,0
17,104.51,0,2,1,0,1
9,70.61,1,2,1,0,0
52,82.2,1,3,0,0,0
24,55.94,1,3,1,1,0
58,57.75,1,1,1,1,0
64,58.22,2,1,1,1,1
26,43.58,2,3,0,0,0
34,56.56,2,3,0,0,0
26,40.01,2,1,1,1,0
11,54.04,1,0,1,0,0
46,84.79,1,3,1,0,0
7,62.9,5,3,0,0,0
5,48.8,3,0,0,0,0
9,97.18,1,3,0,1,1
62,88.69,1,2,1,0,0
8,63.31,1,1,0,0,0
13,27.37,1,3,0,1,0
26,88.49,0,3,0,1,0
8,88.81,1,1,0,0,0
56,50.63,0,3,1,0,0
54,91.2,2,3,1,0,0
33,45.75,0,3,1,0,0
3,57.1,2,1,1,0,1
7,53.2,1,3,0,0,1
28,66.15,2,3,0,0,0
26,59.7,0,1,1,1,0
52,91.3,2,3,1,0,1
35,55.44,2,2,1,0,0
5,71.4,1,1,0,1,1
32,63.38,1,2,1,0,1
41,67.41,0,2,1,0,0
46,45.86,1,0,1,1,1
3,61.76,2,0,1,0,1
49,90.36,0,1,0,0,1
10,79.09,0,0,1,0,1
54,38.87,2,1,1,1,0
54,54.32,1,3,0,0,0
39,42.17,3,0,1,1,0
55,47.92,1,2,0,1,0
3,49.45,0,2,0,0,0
27,37.79,0,2,1,1,0
55,71.79,1,3,1,1,0
64,80.68,3,0,1,0,1
56,65.55,2,1,0,0,0
68,52.87,2,0,1,0,0
52,65.67,0,0,1,0,0
39,47.11,3,0,1,0,0
32,83.42,1,0,1,1,1
26,109.51,1,2,1,0,1
63,15.0,1,3,1,0,0
45,70.21,1,1,1,0,1
7,63.45,1,1,1,0,1
70,66.4,2,2,0,0,0
53,56.89,1,2,1,0,0
68,32.24,0,1,1,0,0
43,60.85,1,2,1,0,0
52,54.36,1,3,1,0,0
50,59.46,1,0,1,0,0
49,61.5,2,3,0,0,0
5,52.37,1,0,0,0,0
69,108.45,0,0,1,1,1
69,37.35,0,3,1,0,0
34,54.59,3,0,0,0,0
3,36.73,2,3,0,0,0
61,59.15,0,3,1,0,0
13,93.53,2,0,0,0,0
7,61.48,0,1,1,0,1
37,45.62,0,0,0,0,0
46,35.66,0,0,0,0,0
41,73.27,1,2,1,0,0
26,48.04,0,1,0,0,0
13,74.96,0,3,1,0,0
41,48.35,1,2,0,0,0
21,51.63,0,1,0,0,0
27,61.12,2,0,1,0,1
65,29.43,0,1,1,1,0
40,86.42,0,0,0,1,0
23,39.32,1,3,1,0,0
2,65.29,3,0,1,1,1
32,71.31,5,3,1,1,0
50,109.6,1,0,0,0,0
8,71.81,1,2,1,0,1
15,79.15,4,1,1,0,1
41,52.07,2,3,1,1,0
17,59.44,0,3,1,0,0
50,62.09,3,2,1,1,1
56,83.69,2,3,1,1,0
53,42.37,2,1,1,0,0
65,70.42,1,1,1,0,1
17,119.68,2,3,1,0,1
28,42.99,2,0,1,0,1
27,25.34,0,1,1,1,0
44,51.86,1,1,1,0,0
47,59.66,3,1,0,0,0
11,95.75,1,3,1,0,1
70,72.12,1,0,0,0,0
26,85.34,2,3,1,0,0
55,48.11,0,1,1,0,0
11,61.64,2,3,1,1,0
16,68.29,1,1,0,0,0
64,45.47,1,1,1,0,0
5,68.16,1,2,0,0,0
28,56.82,1,2,0,0,0
24,67.06,1,0,1,1,0
48,34.43,2,3,1,0,0
38,21.55,2,1,0,1,0
26,89.99,4,0,0,0,1
20,63.48,0,3,1,1,0
41,60.74,1,1,0,1,0
57,114.46,0,1,0,0,0
26,83.09,2,0,1,0,1
19,71.78,1,2,1,0,0
65,49.62,2,2,1,0,0
9,70.36,1,2,1,0,1
70,67.65,0,0,1,0,0
43,57.9,1,1,0,0,0
37,91.68,2,3,0,0,0
54,78.23,2,3,0,0,0
37,74.55,0,1,0,1,0
15,46.78,1,3,1,1,0
8,49.37,2,2,1,0,0
24,85.51,1,0,1,1,1
29,67.95,1,0,1,0,0
19,52.21,0,1,0,0,0
51,69.73,2,2,1,0,0
3,63.96,1,3,1,0,0
57,54.76,0,0,1,0,0
49,59.88,1,2,1,1,0
49,78.66,3,1,0,0,0
4,70.18,1,2,1,0,1
25,46.26,1,1,0,0,0
44,48.7,1,2,1,1,0
52,69.36,0,1,0,0,0
45,42.53,2,2,1,0,0
31,66.01,1,1,1,0,1
38,60.95,0,3,0,0,0
53,37.38,0,2,1,0,0
4,15.36,1,2,1,0,1
11,46.49,1,3,0,0,0
3,62.95,0,1,0,1,0
59,63.07,4,3,1,0,0
37,88.24,2,3,1,0,0
39,63.21,1,3,1,0,0
35,61.61,1,3,1,0,0
62,70.45,0,0,0,0,0
2,54.25,0,3,0,0,0
7,97.39,3,1,1,0,1
1,51.38,2,1,1,0,1
47,45.69,2,2,0,0,0
55,52.79,1,2,0,0,0
45,87.01,0,2,1,0,0
24,51.47,4,0,0,1,0
47,47.56,0,2,1,0,0
51,74.49,0,2,0,1,0
54,86.28,1,2,1,0,0
15,54.34,1,0,1,0,0
10,76.6,1,0,0,0,0
19,49.49,4,3,0,0,0
54,90.55,1,3,0,0,0
64,41.13,1,2,0,0,0
48,57.09,2,2,1,0,0
15,53.97,0,1,0,1,0
50,43.96,0,2,1,0,0
29,60.9,0,1,1,0,0
38,75.87,1,3,1,1,0
36,45.88,0,2,1,1,0
27,100.49,1,1,1,0,1
51,67.34,0,2,0,0,0
11,69.1,3,1,0,0,0
23,46.9,0,3,1,1,0
49,61.01,2,2,0,0,0
47,80.09,1,3,0,1,0
8,42.24,1,1,0,0,0
16,48.45,0,0,1,0,1
57,45.66,1,0,0,0,0
49,36.06,2,2,1,0,0
24,74.81,1,1,1,0,0
2,46.12,0,3,0,0,0
7,95.12,0,0,1,1,0
14,37.12,1,2,1,1,0
38,55.3,0,3,0,0,0
5,63.04,3,0,1,0,1
70,42.28,1,3,1,0,0
8,19.34,1,0,0,1,0
44,49.08,1,3,1,0,0
54,61.63,2,1,1,0,0
13,43.09,0,2,1,0,1
33,67.41,1,3,1,1,0
20,24.91,1,2,1,0,0
56,68.02,2,0,0,0,0
17,103.89,1,1,1,0,1
70,81.33,1,0,0,0,0
22,82.0,0,2,1,0,0
14,54.95,0,1,0,0,0
46,53.56,6,0,0,0,1
55,84.61,1,2,0,0,0
57,55.42,1,0,0,0,0
70,74.95,1,0,0,0,0
8,42.5,0,0,1,1,1
22,69.76,3,1,1,0,0
45,65.57,1,2,1,1,0
6,17.61,3,1,0,1,0
66,59.71,2,1,1,1,1
33,73.39,0,0,0,0,0
47,72.86,0,0,0,1,0
39,69.46,5,2,0,0,1
47,87.74,0,1,0,0,0
49,60.74,1,3,1,1,0
67,46.75,0,2,0,0,0
41,80.24,1,3,1,0,0
61,104.54,2,3,1,0,0
22,55.23,0,1,0,0,1
71,92.4,0,2,0,0,0
12,58.51,0,0,1,0,1
53,32.29,1,2,1,1,0
25,44.14,3,1,1,1,0
6,44.81,1,2,1,0,1
34,85.39,2,2,1,0,0
33,64.16,1,0,1,0,0
14,51.04,1,0,0,0,1
58,64.63,0,0,1,0,0
22,90.13,1,3,1,0,0
30,60.48,1,1,1,0,0
63,47.61,1,1,1,0,0
71,69.22,0,0,0,1,0
31,45.32,1,2,1,0,0
22,72.14,1,3,0,0,0
9,81.91,2,3,0,0,1
31,65.77,0,2,1,0,1
48,53.4,3,1,0,0,0
40,64.43,0,3,0,1,0
26,33.64,0,0,1,1,0
28,93.52,0,2,1,0,0
37,109.4,0,3,0,0,0
19,62.42,1,1,0,0,0
28,20.67,1,0,1,0,0
63,48.48,2,0,0,0,0
9,33.06,0,2,1,0,0
33,24.43,1,2,0,1,0
53,59.19,1,1,0,0,0
7,58.72,1,2,1,0,0
41,49.38,2,3,1,0,0
8,84.19,2,2,0,1,0
71,62.75,1,3,1,0,0
29,42.39,1,0,0,0,0
1,70.36,0,1,0,1,0
35,36.69,3,1,1,0,1
41,54.94,1,0,0,0,0
38,45.31,0,2,0,0,0
31,67.92,0,0,0,0,0
26,56.59,2,1,1,0,1
31,50.34,0,1,0,0,0
60,67.3,1,2,1,0,0
52,71.44,0,0,1,0,0
21,66.89,3,1,1,0,0
18,84.4,2,3,1,0,0
11,41.0,0,2,0,1,0
29,69.99,2,1,1,1,1
40,95.59,1,0,1,0,1
10,62.24,0,2,0,0,0
63,17.67,2,0,1,0,0
41,81.53,2,1,1,0,0
56,57.95,1,3,0,1,0
32,75.01,1,1,1,0,0
1,67.55,1,3,1,0,0
4,74.44,1,0,0,0,1
43,86.52,2,2,0,0,0
17,64.61,0,1,1,0,1
26,77.84,1,3,1,0,0
29,35.94,0,0,0,1,0
68,44.11,1,3,0,1,0
38,59.56,1,2,1,0,0
66,93.74,2,3,1,0,0
7,45.39,2,3,0,1,0
52,55.01,0,0,1,1,0
44,75.36,2,0,1,0,1
39,51.45,1,0,0,0,0
59,35.95,1,3,1,1,0
67,22.52,0,2,0,0,0
24,77.77,2,0,1,0,1
2,39.31,2,2,0,0,1
5,68.94,0,1,1,0,1
49,72.28,3,2,1,0,1
11,41.94,0,3,1,0,0
9,70.92,1,2,0,0,0
55,19.03,1,1,1,0,0
41,59.69,2,3,1,1,0
38,41.04,3,2,0,0,0
32,66.53,1,2,1,0,0
10,65.91,0,0,1,0,1
52,65.56,2,0,1,0,0
12,74.37,2,1,1,0,1
15,49.07,1,1,0,0,0
60,32.88,2,2,0,0,0
5,37.02,1,2,1,0,1
49,81.89,3,3,1,0,1
38,41.0,0,3,1,0,0
50,54.88,1,2,1,1,0
58,69.0,0,0,0,1,0
10,58.7,3,0,1,0,1
6,42.02,3,0,1,0,0
71,19.52,0,0,1,0,0
8,80.74,1,2,1,0,1
19,50.27,2,2,1,0,1
13,29.2,1,1,1,0,0
26,48.96,2,0,0,0,0
57,62.84,0,2,1,1,0
17,22.44,1,0,1,0,1
50,64.63,0,2,0,0,0
67,62.0,2,1,0,0,0
34,70.9,0,2,1,0,1
45,62.08,2,3,1,0,0
33,41.85,0,3,1,0,0
40,29.12,0,2,1,0,0
39,57.82,3,0,1,0,0
30,51.3,1,2,0,0,0
6,92.49,0,0,0,0,0
51,55.95,5,2,1,0,0
5,69.93,1,0,1,0,1
34,62.88,2,0,0,0,0
40,26.57,1,2,0,0,0
33,76.85,1,0,1,0,0
67,52.43,0,0,0,0,0
11,32.65,0,2,1,0,0
20,69.91,0,1,0,1,0
59,86.4,1,0,1,0,0
62,59.23,0,2,0,0,0
5,55.95,0,1,0,1,0
71,48.74,1,1,0,1,0
65,53.0,1,3,0,0,0
29,83.86,0,1,0,1,0
66,63.23,2,2,0,1,0
60,70.02,2,0,1,0,0
38,73.1,2,3,0,0,0
68,15.0,1,1,0,1,0
12,64.86,3,0,1,0,1
8,72.95,0,0,1,0,0
16,66.01,1,2,0,0,0
50,31.81,0,2,0,0,0
10,45.82,0,1,0,0,0
38,75.05,0,0,0,1,0
50,69.82,0,1,0,0,0
25,70.4,2,3,1,0,1
26,38.62,2,3,1,1,1
2,66.96,2,1,1,0,1
70,90.39,0,3,0,0,0
3,62.33,1,2,0,0,1
25,88.43,1,2,1,0,0
49,78.78,3,3,1,1,1
24,77.96,0,1,0,0,0
58,48.04,2,2,1,0,0
49,48.51,0,2,1,1,0
66,48.04,1,3,0,0,0
63,84.39,4,3,1,0,0
54,86.41,1,3,1,0,0
38,40.75,0,2,1,0,0
46,35.82,2,3,0,0,0
9,63.98,3,1,1,0,1
26,87.58,1,0,1,0,1
13,66.88,1,2,1,0,0
45,74.12,2,2,1,0,0
51,71.11,1,3,1,0,0
48,72.99,1,3,1,1,1
55,58.79,0,2,1,0,0
20,71.05,2,3,1,0,1
71,75.12,0,2,1,0,0
3,59.3,3,0,0,0,1
41,94.93,0,0,1,0,0
49,40.31,0,2,0,0,0
56,53.79,2,3,1,1,0
11,44.66,0,2,0,1,0
48,82.72,0,1,1,0,0
58,83.1,1,3,1,0,0
40,46.57,0,2,0,0,0
10,62.96,0,0,1,0,0
58,52.46,1,1,1,1,0
36,34.28,1,2,0,0,0
15,45.39,1,2,1,0,1
37,68.02,0,1,0,0,0
11,72.66,1,0,0,1,1
32,46.9,0,0,1,0,0
22,61.38,2,1,1,0,0
60,77.81,1,2,1,0,0
28,88.88,1,3,1,0,0
40,68.37,0,1,0,1,0
68,45.31,0,1,0,0,0
33,30.16,1,0,0,0,0
59,62.82,0,1,0,1,0
42,55.32,0,2,0,0,0
53,49.9,1,1,0,0,0
36,47.8,0,0,1,0,0
64,50.36,2,3,1,0,0
47,64.57,3,0,1,0,0
28,74.92,0,3,1,1,0
71,45.31,1,2,1,0,0
70,98.45,4,0,0,0,0
40,89.75,3,3,1,0,0
65,56.66,1,1,1,0,0
25,67.68,0,2,1,0,1
14,91.69,2,3,0,0,1
69,43.48,2,3,1,0,0
27,49.39,3,3,1,0,1
58,49.51,0,3,0,1,0
22,41.6,1,0,1,0,1
64,75.8,1,1,0,1,0
14,57.34,2,1,0,0,0
38,63.62,1,0,1,0,0
67,63.31,3,3,1,0,0
46,57.72,0,1,1,0,0
28,91.7,1,0,1,0,1
5,58.41,0,3,1,0,1
62,44.73,2,2,1,0,0
43,34.41,1,1,0,0,1
43,48.25,0,3,0,0,0
8,65.42,1,3,1,1,0
5,65.12,0,0,1,0,1
60,67.41,2,2,1,1,0
31,53.48,1,3,1,0,0
58,70.4,0,3,1,0,1
56,70.79,1,1,1,0,0
20,37.98,1,3,0,0,0
23,69.67,0,0,1,0,0
49,70.03,0,2,0,0,0
21,56.41,1,2,1,0,0
48,83.52,1,3,1,0,0
7,62.96,1,0,0,0,1
12,46.91,2,0,0,0,1
34,80.5,3,2,0,0,0
60,96.92,0,0,1,1,0
67,39.02,1,3,1,0,0
8,60.47,0,2,1,1,0
2,79.34,0,0,1,0,1
24,73.98,2,0,0,0,0
63,82.03,0,3,1,0,0
44,87.86,3,3,0,0,0
43,26.49,2,2,1,0,1
38,75.58,1,2,0,0,0
20,29.73,2,0,1,1,0
11,43.17,1,0,1,0,1
64,40.37,1,0,0,0,0
12,71.39,2,3,0,0,0
66,28.97,0,0,1,1,0
71,63.86,2,2,0,0,0
70,31.89,3,1,1,0,0
63,101.38,2,0,0,0,0
33,51.35,0,0,0,1,0
35,61.49,0,1,0,1,0
30,38.46,1,2,0,0,0
6,50.37,1,0,1,1,1
48,87.84,1,0,1,1,0
8,66.7,5,3,1,0,1
64,38.78,0,2,0,0,0
51,51.82,2,2,1,0,0
25,58.65,1,0,0,1,1
36,96.6,1,0,0,0,0
24,59.46,2,0,1,0,1
56,70.47,0,1,1,0,0
30,82.73,1,3,0,0,0
7,109.15,2,2,0,0,1
2,74.66,0,0,1,0,1
46,40.57,2,3,0,0,0
60,42.13,1,2,1,0,0
57,95.68,1,0,1,0,0
33,69.94,3,1,0,1,1
30,23.6,1,1,1,1,0
34,51.63,0,1,1,1,0
47,52.68,2,3,0,0,0
45,54.99,0,1,1,0,0
65,74.6,1,0,1,0,0
58,75.16,1,2,1,1,0
13,88.45,1,0,1,0,1
51,24.19,0,0,1,0,0
13,67.67,1,0,1,0,1
24,57.75,2,3,1,1,0
21,40.66,0,2,1,0,0
21,78.58,1,2,1,0,0
46,35.37,2,0,1,0,0
24,34.17,0,2,0,0,0
13,94.07,1,0,0,0,1
38,70.0,2,2,0,1,0
6,78.24,0,0,1,0,1
58,88.05,1,3,1,0,0
38,36.35,2,1,1,1,0
1,89.22,2,3,1,1,1
27,63.97,1,0,0,0,0
43,72.63,1,2,0,1,0
1,78.05,2,2,1,0,0
60,74.68,2,0,0,0,0
53,54.35,2,1,0,1,0
40,61.68,2,0,0,0,0
5,65.24,0,2,0,1,1
28,83.07,2,1,0,0,1
20,17.88,2,2,0,0,0
34,90.31,1,0,1,0,0
14,43.42,1,2,0,0,0
37,105.56,1,2,1,1,1
60,71.69,0,0,0,0,1
45,97.16,1,3,0,0,0
27,57.55,0,3,1,1,0
6,96.75,1,3,0,0,1
43,70.54,0,0,0,0,0
57,70.49,1,0,0,0,0
44,71.28,1,1,0,0,0
40,15.0,2,3,1,0,0
12,32.48,0,0,1,0,0
20,29.68,1,1,1,0,0
34,63.83,1,3,0,0,0
66,57.67,0,3,1,1,0
29,78.61,3,3,1,0,1
29,69.19,0,3,1,1,0
56,86.99,2,0,0,0,0
56,48.01,1,1,1,1,0
17,69.17,2,2,1,0,0
22,52.06,0,0,1,0,1
7,38.73,3,2,1,0,1
39,26.53,2,2,1,0,0
61,60.04,2,1,1,1,0
14,43.41,1,3,0,1,0
7,51.21,1,3,1,0,0
20,42.61,0,0,1,0,0
2,39.84,0,3,1,1,0
24,118.43,1,1,1,0,1
68,62.66,1,3,0,1,0
11,35.47,1,1,0,1,0
55,57.84,1,1,0,0,0
54,62.13,0,2,0,0,0
66,32.16,0,1,1,0,0
32,82.93,1,1,0,0,0
8,43.04,1,2,0,1,0
25,72.1,1,3,0,0,0
8,52.25,0,3,0,0,1
42,45.19,1,2,0,0,0
38,126.39,2,2,0,0,0
17,49.0,0,3,0,1,0
9,30.62,4,1,0,0,0
32,50.76,4,0,1,0,1
38,41.13,1,2,0,0,0
41,83.07,2,3,0,0,0
67,69.93,0,0,1,0,0
44,37.24,3,2,1,0,0
34,96.67,0,3,0,0,0
30,56.47,1,2,0,1,0
13,34.68,1,3,1,0,0
53,83.08,1,3,0,0,0
38,74.29,1,1,0,0,0
62,40.58,1,1,1,0,0
50,38.23,1,2,0,0,0
69,57.85,2,2,1,0,0
24,47.44,2,2,1,1,0
40,72.08,1,2,0,0,0
5,66.71,4,0,1,0,1
69,36.95,1,1,1,0,0
58,39.07,1,3,1,0,0
67,55.94,2,0,1,0,0
29,87.23,2,0,1,0,1
47,48.05,2,1,1,0,0
52,73.09,1,1,1,0,0
10,47.92,0,3,1,0,1
31,69.75,2,2,0,0,0
46,49.4,1,1,1,0,0
12,69.44,0,1,0,0,0
38,42.86,3,3,0,0,0
70,45.77,1,1,0,0,0
50,99.99,0,2,1,0,0
34,79.54,2,2,1,0,1
20,35.49,0,0,1,1,0
29,84.59,3,1,1,0,1
71,57.35,2,1,1,0,1
67,88.13,2,0,0,1,0
25,33.59,2,3,1,0,0
39,58.7,1,2,0,0,0
71,51.98,1,1,1,0,0
18,46.46,0,1,0,0,1
20,37.11,1,1,1,1,0
33,100.03,0,0,0,0,0
34,60.58,0,0,1,0,0
58,54.32,1,1,1,1,0
49,27.2,1,0,0,1,0
38,83.48,1,2,1,1,0
19,83.61,5,1,0,0,1
62,57.42,3,1,1,0,1
29,33.02,2,0,1,1,1
4,72.47,0,3,0,0,0
47,60.91,0,2,0,0,0
63,31.38,2,3,1,0,1
54,103.29,1,1,1,1,0
11,75.73,1,0,1,0,1
66,40.88,0,1,1,0,0
51,44.57,1,1,1,0,0
40,76.95,0,0,1,0,0
34,85.25,3,1,1,0,1
69,73.17,0,1,1,0,0
65,71.84,1,0,0,1,0
21,53.73,0,0,1,1,0
35,103.5,0,3,1,0,0
44,55.95,0,1,0,0,0
36,66.21,1,2,1,1,1
54,69.48,5,1,1,0,1
5,56.08,2,3,1,0,1
6,77.59,2,0,0,1,1
13,93.3,0,1,0,1,0
56,16.77,1,1,1,0,0
33,57.65,2,2,1,1,0
59,87.42,0,0,1,0,0
32,90.54,3,1,0,1,1
40,52.54,0,0,1,1,0
32,75.68,0,1,0,0,0
66,65.91,3,3,1,1,0
15,65.04,0,2,1,1,0
50,49.33,1,2,1,0,0
50,82.49,2,3,1,0,0
27,86.47,2,1,0,1,0
46,94.55,1,2,1,0,0
58,67.59,1,0,0,1,0
68,65.01,2,3,1,1,0
37,85.2,1,2,1,1,0
34,129.64,0,2,0,0,0
49,57.67,1,1,0,0,0
35,60.63,1,3,0,0,0
71,98.18,2,1,0,1,0
41,39.47,3,0,1,0,1
50,15.0,1,3,1,1,0
40,82.48,0,0,0,0,0
56,90.87,0,0,1,1,0
3,89.48,1,2,0,0,1
58,83.02,0,0,1,0,0
16,84.94,0,0,1,0,1
15,48.66,1,2,1,0,0
22,83.96,3,2,0,0,1
3,42.52,1,2,1,1,0
16,30.93,0,0,1,1,0
6,58.14,3,1,0,0,1
33,36.51,0,2,1,0,0
33,40.28,1,3,1,0,1
4,49.43,0,1,1,0,0
69,54.1,0,2,1,1,0
2,65.46,5,3,0,0,1
32,41.74,1,0,1,0,0
24,50.3,3,3,0,1,0
66,59.25,1,2,1,0,0
51,65.57,0,1,0,0,0
21,71.95,1,2,1,0,1
25,77.95,0,3,1,0,0
11,66.98,2,2,0,0,0
51,71.51,0,0,1,0,0
29,75.95,3,3,1,1,0
34,62.03,3,2,1,1,0
60,66.07,1,0,0,0,0
68,43.92,0,0,1,0,0
69,67.05,0,1,1,0,0
63,82.25,2,1,1,0,0
39,49.05,2,0,1,0,1
58,89.01,0,1,0,0,0
27,51.93,0,2,1,0,0
68,84.16,1,0,0,0,0
56,96.33,0,0,1,0,0
33,66.98,2,1,1,0,0
31,54.45,1,0,1,0,1
11,71.46,1,0,0,1,1
22,54.31,2,0,0,0,0
66,43.99,4,2,1,0,0
54,83.49,1,3,1,0,0
22,23.51,2,3,1,0,0
6,80.68,1,1,1,0,1
37,46.59,1,1,1,0,0
56,81.21,0,3,0,0,0
17,52.04,1,2,1,0,0
68,99.32,2,2,0,1,0
41,52.17,0,0,1,0,1
8,16.8,1,0,0,0,1
64,121.57,1,2,1,1,0
56,62.9,0,3,1,0,0
41,59.68,1,2,1,0,0
2,62.04,0,1,0,1,1
4,55.73,3,1,1,1,0
9,68.22,3,3,1,0,1
9,46.84,0,2,0,0,0
21,106.42,2,2,0,0,1
1,48.06,1,2,0,0,1
71,75.32,2,1,1,1,0
35,89.4,0,2,1,0,0
4,57.68,1,1,0,1,1
50,79.87,2,2,1,0,0
33,51.21,1,0,0,0,0
39,41.97,1,0,0,0,0
32,45.91,3,2,0,0,0
54,84.19,1,1,0,0,0
13,83.46,0,1,1,0,0
15,43.72,1,3,0,0,0
70,82.79,2,1,1,0,0
51,43.75,1,2,1,0,0
17,65.8,0,0,1,0,0
17,76.29,1,2,0,1,0
65,20.31,1,2,1,0,0
33,74.68,0,2,1,0,0
39,55.93,2,0,0,0,0
45,32.0,0,0,1,0,0
51,75.79,0,0,0,0,0
19,67.8,1,0,1,1,1
53,69.18,3,2,0,0,0
68,56.3,1,3,1,0,0
48,48.22,0,0,1,0,0
24,35.09,1,0,0,0,0
58,57.11,1,2,1,1,0
12,40.42,1,3,0,1,0
63,52.7,1,3,1,0,0
51,69.91,3,2,0,0,0
11,77.85,3,2,1,0,1
37,70.29,3,0,0,0,0
7,67.45,0,1,0,0,1
13,56.11,0,3,1,0,0
33,80.85,0,3,0,0,0
41,85.48,0,2,0,0,0
8,51.65,0,1,1,0,0
63,52.8,1,0,0,0,0
42,41.78,0,0,1,0,0
56,55.61,2,3,1,1,0
67,52.79,0,0,1,0,0
44,101.28,0,1,1,0,1
37,89.16,2,2,0,0,0
38,34.14,3,1,0,0,0
12,77.33,1,1,1,0,1
11,56.76,2,3,0,0,0
9,26.33,1,2,0,0,0
36,66.76,1,1,0,0,0
38,47.8,2,1,1,0,0
62,67.84,2,0,1,0,1
53,72.15,2,2,1,0,0
19,48.38,0,1,0,0,0
58,91.9,2,1,1,0,0
55,64.35,1,1,1,1,0
54,45.69,4,2,1,0,1
40,28.45,0,3,0,1,0
33,106.67,1,0,1,0,1
39,45.33,1,3,0,1,0
63,62.86,1,3,1,0,0
59,67.32,1,0,1,1,0
39,79.58,2,3,0,0,0
4,34.13,0,0,0,0,0
49,15.0,1,0,1,0,0
15,63.61,3,3,1,0,0
1,31.13,1,1,1,0,1
54,55.7,1,0,1,0,0
35,103.19,2,0,0,0,1
64,49.28,2,0,1,0,0
7,75.01,1,1,1,1,1
68,38.72,0,0,0,0,0
16,121.87,2,2,1,0,1
65,53.62,4,1,1,1,0
22,69.35,1,3,1,0,0
20,58.42,2,3,1,0,0
41,48.89,1,2,0,0,0
43,82.92,1,3,0,1,0
6,56.5,0,2,1,0,0
51,42.49,1,1,1,0,0
51,50.17,1,0,1,0,0
70,54.82,1,0,0,1,0
29,62.87,1,2,1,0,0
39,63.68,1,2,0,0,0
16,44.25,1,0,1,0,1
70,50.38,2,3,1,0,0
68,102.76,1,1,1,0,0
69,55.37,1,3,1,0,0
47,88.15,0,2,0,1,0
26,51.5,1,1,1,0,0
24,67.64,0,0,1,0,0
40,47.61,1,1,0,1,0
9,20.05,1,2,0,0,0
21,48.96,0,3,1,0,0
35,77.95,1,0,0,0,0
52,85.82,0,0,1,1,0
55,81.86,0,0,1,0,0
39,48.73,0,2,0,0,0
37,53.25,1,3,1,1,0
69,36.54,1,1,1,0,0
22,65.37,0,1,1,1,0
41,76.35,1,1,0,0,0
9,64.31,0,2,1,0,1
48,44.52,1,3,1,0,0
16,67.83,2,2,1,0,0
44,61.65,1,0,1,1,0
57,69.47,3,3,0,0,0
1,56.01,0,0,1,0,1
12,63.87,2,3,0,1,0
52,45.09,2,1,0,0,0
70,42.8,0,0,1,0,0
39,15.0,2,0,1,0,0
52,64.2,2,0,1,1,1
2,63.17,2,1,1,1,1
29,40.36,1,1,1,1,0
66,91.31,2,3,0,0,0
14,84.83,1,1,1,0,0
48,95.02,0,2,0,0,0
34,57.87,3,0,0,0,0
63,55.12,3,0,1,0,1
68,67.07,1,3,1,0,0
13,79.3,0,1,0,1,0
9,91.18,0,2,1,1,1
62,41.03,2,1,1,0,0
18,57.13,2,0,1,0,1
29,19.32,0,1,1,0,0
6,55.27,2,2,0,0,1
34,79.21,1,0,1,0,1
52,74.68,0,3,1,0,0
7,108.74,0,1,0,0,0
68,74.67,0,0,0,0,0
18,52.16,1,2,0,0,0
40,45.4,1,0,1,1,0
37,66.2,0,2,0,1,0
22,94.52,0,0,1,0,1
7,35.26,1,0,1,1,0
69,41.34,3,2,1,1,0
42,62.5,2,1,0,0,0
42,53.94,0,2,0,0,0
10,79.09,2,1,1,0,1
69,51.42,2,2,0,0,0
52,61.82,1,0,1,1,0
27,60.67,0,3,1,0,0
34,65.31,1,3,1,1,0
11,88.79,1,2,1,0,1
61,34.47,3,3,1,0,0
5,25.56,2,0,0,1,0
50,30.46,1,0,1,0,0
19,54.94,3,1,0,1,0
52,63.24,2,2,1,0,0
31,71.79,0,1,1,0,0
63,67.26,4,3,1,0,0
55,63.52,2,1,0,0,0
62,24.57,5,3,0,0,0
34,47.43,1,0,1,0,0
6,69.63,3,0,1,0,1
20,35.61,1,1,1,0,1
30,50.97,3,3,0,1,0
64,51.99,1,3,1,0,0
21,70.84,0,3,1,0,0
41,42.9,1,2,1,0,0
53,26.69,1,3,1,0,0
43,53.32,2,3,1,0,0
28,54.93,1,2,1,0,0
59,77.8,5,1,1,0,1
3,48.53,2,2,0,1,0
48,56.07,1,3,1,0,0
53,50.22,0,1,1,0,1
18,50.96,0,0,0,0,0
21,103.06,0,0,0,0,0
68,15.0,0,1,0,1,0
18,72.82,0,0,1,0,0
12,44.55,1,2,1,1,0
56,62.32,0,0,1,0,0
12,29.38,0,0,1,0,0
65,64.81,0,2,1,0,0
47,44.24,0,0,1,0,0
32,72.18,2,3,0,0,0
42,88.53,2,1,0,1,0
46,35.26,1,1,0,0,0
17,28.0,2,2,0,1,0
3,84.13,2,3,1,0,1
50,100.56,1,0,1,0,1
1,60.94,3,2,1,0,1
8,18.56,0,1,0,1,0
11,28.91,1,1,0,0,0
34,80.26,1,0,1,0,1
18,96.59,2,1,1,0,1
68,58.21,5,0,1,0,0
18,33.25,1,3,0,1,0
64,84.28,4,0,0,0,1
6,33.05,0,2,1,0,0
43,46.85,1,0,0,0,0
3,47.91,2,2,1,0,0
57,47.71,1,1,1,0,0
49,71.83,0,3,1,0,0
48,41.01,1,2,0,0,0
42,63.82,0,3,1,1,0
17,82.98,1,1,0,0,0
58,83.01,1,1,1,0,0
61,88.27,0,2,0,0,0
55,53.19,2,1,1,0,0
44,25.97,2,2,1,0,0
38,64.67,0,1,1,0,0
43,65.45,2,1,0,0,0
38,66.71,0,0,1,0,1
68,52.94,2,0,1,0,0
65,70.14,3,2,1,0,0
40,39.92,0,3,1,0,0
54,77.53,1,2,1,1,0
24,96.97,0,1,0,0,1
63,63.74,2,1,1,0,0
30,62.1,1,0,1,0,1
28,74.0,1,3,1,0,0
40,72.24,1,2,1,1,0
6,72.69,1,0,1,0,1
62,65.22,1,3,0,0,1
58,55.37,1,0,0,0,0
60,93.14,5,2,1,1,1
26,36.72,2,1,1,0,0
29,83.98,0,3,0,0,0
28,43.65,1,2,0,1,0
35,70.79,0,2,1,1,0
47,41.68,1,0,1,0,0
4,29.59,1,3,1,0,0
62,39.99,0,3,1,0,0
46,41.26,3,2,1,0,0
46,88.13,1,1,1,0,1
57,48.68,3,3,1,1,0
69,46.63,2,3,1,0,0
15,40.99,0,0,0,0,0
58,60.23,0,3,1,1,0
46,60.36,0,1,1,1,0
42,72.22,1,2,0,0,0
10,46.68,2,3,0,0,1
10,36.31,0,3,0,0,0
60,59.45,1,2,1,0,0
52,78.44,0,1,0,1,0
52,75.91,0,0,0,0,1
59,40.67,1,1,1,1,0
67,50.63,1,2,0,0,0
44,67.51,4,0,1,1,0
21,48.98,1,2,1,0,0
31,32.26,2,0,0,0,0
13,64.68,1,2,0,0,1
59,53.51,1,0,0,1,0
41,66.73,1,2,1,0,0
58,77.95,2,2,1,0,0
5,50.78,2,3,1,0,0
43,37.72,0,1,0,1,0
59,45.35,4,2,1,0,0
70,76.48,3,2,1,0,0
15,62.78,0,3,1,1,0
61,76.55,2,3,0,0,0
10,53.78,0,3,1,0,0
65,75.81,2,2,1,1,0
11,51.07,1,0,1,0,1
16,47.89,3,0,1,0,1
50,60.73,2,2,1,0,0
2,58.38,1,3,1,0,0
4,56.03,1,2,0,0,0
71,61.93,1,3,1,0,0
30,80.24,2,1,1,1,1
31,47.28,2,2,1,0,0
13,25.43,0,2,0,0,0
34,69.3,1,3,1,0,0
56,99.06,1,0,0,1,0
59,82.23,2,2,1,0,0
4,36.77,3,1,1,0,1
2,70.12,4,2,1,1,1
14,83.51,1,2,1,1,1
8,79.13,1,3,1,1,1
55,97.89,0,3,1,0,0
23,78.2,0,3,0,0,0
37,15.0,2,2,1,0,0
57,72.64,0,3,1,0,0
9,45.41,3,1,0,0,0
45,42.28,0,3,1,0,0
71,26.28,0,3,1,0,0
30,35.05,1,1,1,0,0
27,53.49,3,3,1,0,0
10,83.15,2,1,1,0,1
30,84.12,1,2,0,1,0
68,74.44,1,2,1,0,0
53,86.08,0,1,0,0,0
54,52.93,1,3,0,0,0
35,43.94,1,0,1,1,1
71,99.72,2,2,1,0,1
59,70.43,4,3,1,0,0
59,53.85,0,3,0,0,0
39,76.22,2,2,0,1,0
23,45.89,1,0,1,0,0
18,93.08,1,3,1,0,0
48,34.48,0,1,0,1,0
39,50.09,0,1,0,0,0
46,57.28,1,1,0,1,0
60,57.04,0,3,1,0,0
17,35.62,1,0,1,0,0
20,78.54,1,0,1,0,1
55,73.73,0,2,1,0,0
46,62.28,1,2,0,0,0
50,72.87,0,3,1,0,0
42,51.73,3,0,1,1,1
35,80.84,2,0,0,0,1
50,49.54,0,0,1,1,1
10,39.48,0,2,0,0,0
26,57.59,0,2,0,0,0
31,57.21,2,1,0,1,0
17,68.4,0,2,0,0,0
65,75.0,2,3,1,0,0
48,95.72,1,3,1,0,1
30,34.28,3,1,0,0,0
61,28.95,2,2,1,0,0
20,67.14,0,1,1,0,1
34,88.02,1,1,0,1,1
46,82.46,2,2,0,1,0
10,59.48,2,1,0,0,1
66,56.85,5,0,1,1,0
58,55.84,1,2,0,0,0
67,97.74,1,0,1,1,0
38,57.65,2,1,1,0,0
42,68.44,2,2,1,1,0
49,37.12,2,0,0,0,0
42,80.62,1,1,0,0,0
8,59.35,1,0,1,0,0
34,56.71,0,1,1,0,0
56,56.04,3,0,1,0,1
55,59.46,1,0,1,1,0
27,116.97,1,2,1,0,1
39,74.57,2,3,0,1,0
64,75.59,2,2,0,0,0
13,46.88,2,2,0,0,1
18,33.69,3,1,1,1,0
12,18.8,1,3,0,0,0
1,50.39,2,0,1,1,1
13,65.68,2,0,0,0,1
23,66.95,0,2,1,0,0
58,32.89,0,1,1,0,0
52,75.45,1,3,1,1,0
60,50.99,1,2,0,0,0
52,85.16,2,3,1,0,0
36,57.17,0,0,1,0,0
61,63.27,4,0,0,0,0
63,47.61,0,2,1,0,0
15,48.56,0,2,0,0,0
71,63.16,2,3,1,0,0
43,74.04,1,3,1,0,0
69,76.98,2,3,1,0,0
6,48.19,1,3,0,0,0
54,37.42,4,0,1,0,0
16,71.0,1,3,1,0,1
53,88.34,2,0,1,0,0
4,52.59,2,3,1,0,1
9,53.91,4,1,1,0,1
45,53.57,2,1,1,0,0
48,69.28,2,0,1,0,1
64,81.79,0,0,1,0,0
9,43.68,0,1,0,0,0
43,71.3,0,1,0,0,0
4,91.45,2,3,1,0,1
43,74.59,3,3,1,0,0
12,47.19,0,3,0,1,0
65,33.49,2,2,0,0,0
64,63.44,1,2,1,0,0
24,89.9,2,0,1,0,1
38,78.8,1,0,0,0,0
40,91.73,2,1,0,0,0
54,55.5,2,0,1,0,0
58,64.12,0,2,0,1,0
41,46.68,2,3,1,0,0
14,73.98,4,2,0,0,1
25,59.03,2,3,1,0,0
50,47.16,3,2,1,1,1
47,55.24,0,0,1,0,0
6,74.34,2,2,1,0,1
40,80.67,2,1,0,0,0
27,78.81,2,2,1,1,1
31,109.85,0,2,0,0,0
14,78.33,0,1,0,0,0
30,44.82,0,2,0,0,0
31,84.91,4,1,1,1,1
23,46.28,1,3,1,0,0
15,41.36,0,1,0,1,0
16,77.82,0,1,1,0,1
5,51.67,1,1,1,0,0
31,63.59,2,1,1,0,1
32,53.36,0,1,1,0,0
8,59.73,0,3,1,0,0
28,28.84,0,1,1,0,0
13,81.52,2,0,0,0,1
53,88.06,0,1,0,0,0
38,58.79,0,0,1,1,0
1,88.6,1,1,0,1,0
50,80.9,0,3,1,0,0
46,87.68,0,1,1,0,0
52,93.35,0,3,1,0,0
4,39.24,3,2,1,0,1
65,80.09,0,0,0,0,0
35,60.92,1,1,1,0,1
45,79.03,2,3,1,0,0
2,58.57,3,1,1,1,1
32,105.19,1,3,1,0,1
65,97.16,1,1,1,0,0
9,63.73,2,1,0,1,1
35,72.89,1,1,1,1,0
53,68.62,1,3,1,0,0
34,69.14,3,1,1,0,1
33,82.66,1,3,1,0,0
6,44.63,0,1,0,0,0
36,35.63,1,0,0,0,0
56,86.5,0,2,0,1,0
4,70.99,0,2,0,0,0
19,55.04,0,1,1,1,0
54,50.56,0,2,1,0,0
34,34.44,2,0,0,0,0
54,58.47,1,1,1,0,0
52,29.51,0,1,0,0,0
56,66.81,0,0,1,0,0
57,69.62,0,2,1,0,0
45,50.45,0,2,1,0,0
28,84.1,0,2,1,0,0
6,78.88,0,0,0,1,0
5,67.63,1,2,1,0,1
22,48.65,0,3,1,0,0
71,50.44,0,1,1,0,0
8,44.57,2,2,0,0,0
19,24.15,5,1,1,0,1
67,63.41,1,2,0,0,0
3,77.76,0,0,0,0,1
13,32.66,1,2,1,0,0
45,70.15,3,3,1,0,1
42,57.97,2,3,1,0,0
63,65.14,1,3,1,0,0
39,77.21,0,2,1,1,0
7,81.24,2,0,1,0,1
50,49.07,0,0,0,0,0
4,77.63,1,2,0,0,1
12,54.24,3,0,1,0,1
49,15.0,1,1,1,0,0
38,103.35,4,1,1,1,1
41,63.22,2,1,1,0,0
30,56.02,0,1,1,0,0
19,89.4,0,3,1,0,0
45,71.55,1,0,0,0,0
19,51.09,2,1,1,0,0
67,66.6,1,3,1,0,0
55,68.89,1,2,1,0,0
33,58.3,1,3,0,1,0
2,15.0,2,0,1,0,1
48,65.32,1,1,0,0,0
18,43.36,0,1,1,1,0
33,41.21,1,0,0,1,0
26,63.16,0,3,0,0,0
67,105.48,1,1,0,0,0
55,38.14,1,2,0,0,0
68,68.4,3,2,0,1,0
23,32.4,1,0,1,0,0
6,29.81,0,3,0,0,0
4,54.77,4,0,1,0,1
60,80.64,1,0,1,0,0
53,67.78,3,2,1,0,1
66,67.81,6,2,1,0,1
49,86.72,3,0,0,1,1
27,71.96,1,3,1,0,0
10,50.33,1,3,1,1,1
28,42.94,0,3,0,1,0
52,55.95,1,3,1,0,0
49,69.17,1,2,1,0,0
45,55.5,3,0,1,1,1
66,57.29,1,0,1,0,0
27,50.8,1,3,0,1,1
27,45.89,1,3,1,0,0
42,37.95,0,2,1,0,0
33,46.08,3,3,0,1,0
36,97.9,2,3,0,1,0
44,83.76,1,2,1,0,1
57,89.94,1,2,1,0,1
13,64.47,0,3,0,1,0
68,59.65,1,1,1,1,0
27,78.49,0,3,1,0,0
25,54.55,1,3,1,0,0
31,85.11,0,2,0,0,0
7,64.81,3,1,1,0,1
13,78.12,1,1,0,0,0
26,46.54,1,0,1,0,1
20,98.75,1,0,0,0,1
43,66.35,0,0,1,0,0
44,75.6,1,1,0,0,0
19,47.19,2,0,0,0,0
63,48.32,0,3,1,0,0
11,76.29,2,0,0,1,1
24,29.16,1,1,0,0,0
16,87.2,3,3,0,0,1
52,50.23,1,3,1,0,0
61,81.6,1,2,1,0,0
67,49.01,0,1,1,1,0
51,61.26,2,1,0,0,0
11,63.89,0,2,0,0,0
9,80.61,2,0,1,1,1
8,44.99,3,3,1,0,0
22,73.29,2,0,1,0,1
22,68.11,1,0,0,0,0
20,77.75,0,3,0,0,0
55,45.37,4,2,1,0,0
8,62.26,0,0,0,0,1
15,47.4,1,0,1,0,1
60,54.53,1,2,1,1,0
54,83.73,1,3,0,1,0
21,86.04,2,2,1,1,1
38,43.47,2,1,1,0,1
41,58.92,2,3,0,0,1
58,60.7,1,2,0,0,0
28,43.11,1,3,1,0,0
30,54.29,1,2,1,1,0
5,40.62,0,3,0,1,0
6,73.33,0,3,1,0,1
3,43.0,0,3,1,1,0
43,90.53,4,2,0,0,1
50,22.66,1,0,1,1,0
32,73.56,0,3,1,0,1
45,74.25,2,0,0,0,0
69,48.96,3,2,1,0,0
35,27.89,2,3,1,1,0
38,65.54,3,2,1,0,0
13,37.39,1,1,1,0,1
63,83.82,1,3,0,0,0
25,64.13,3,1,0,0,0
50,61.6,3,2,0,0,0
36,64.12,4,1,0,0,0
71,76.97,2,2,1,1,0
16,61.43,1,3,1,0,0
22,72.86,2,1,0,0,1
41,69.18,1,1,0,0,0
12,51.41,2,3,1,0,1
60,83.95,2,3,1,0,0
65,93.85,2,1,1,1,1
13,84.02,1,0,1,0,1
50,64.22,0,0,0,1,0
67,75.41,0,3,1,0,0
24,40.45,2,2,1,1,0
37,45.3,0,2,1,1,0
53,44.13,1,3,0,0,0
70,50.07,3,3,0,1,0
11,78.38,0,3,1,0,0
69,45.23,1,0,0,1,0
67,48.94,1,2,1,0,0
5,31.48,0,1,0,0,0
62,47.81,1,2,1,0,0
49,28.34,1,3,0,0,0
56,79.38,3,2,1,0,0
18,58.42,2,1,0,1,0
50,80.07,0,1,1,0,1
45,88.78,1,1,1,0,0
4,70.91,0,2,0,1,0
64,68.23,1,0,1,0,0
45,64.2,1,2,1,0,1
33,53.01,0,0,0,0,0
6,18.26,2,0,1,0,1
47,65.2,1,2,1,0,0
29,47.64,1,1,0,1,0
48,41.76,0,3,1,0,0
47,50.0,1,1,1,1,0
14,61.06,0,1,1,0,0
41,75.35,1,3,0,0,0
31,41.79,1,0,1,0,0
60,36.47,1,2,1,0,0
21,82.99,3,0,1,0,1
21,72.56,1,2,1,1,0
35,77.41,3,1,1,0,1
18,56.12,1,1,0,0,1
55,33.89,0,2,0,1,0
60,87.89,1,1,0,0,0
11,86.28,1,0,0,0,1
36,49.62,2,3,1,1,0
40,69.8,1,2,1,0,1
71,83.31,1,0,1,1,0
36,111.07,0,2,0,1,0
19,85.64,1,3,1,0,1
28,72.76,1,2,0,0,0
4,57.49,2,1,0,1,1
60,52.76,3,1,1,0,0
58,60.66,1,1,0,0,0
25,48.71,0,0,0,1,0
6,74.55,1,1,0,0,1
57,64.79,2,2,0,0,0
6,57.36,1,3,1,0,0
6,41.97,3,1,0,0,0
3,64.32,2,1,0,1,1
32,55.46,0,0,0,0,0
54,69.89,1,3,1,0,0
8,43.37,3,3,1,1,1
34,75.65,1,0,1,0,1
61,59.92,0,3,0,0,0
54,100.34,1,3,0,0,0
48,47.1,2,1,1,0,0
20,101.48,1,0,0,0,0
16,120.17,2,1,0,0,1
27,61.99,3,2,0,0,1
27,103.33,0,1,0,0,0
30,85.48,0,2,1,0,0
10,38.81,2,3,1,1,1
11,51.93,0,2,1,1,0
63,83.37,0,1,0,0,0
68,69.41,1,0,0,1,0
64,80.79,1,0,1,1,0
16,71.99,1,2,1,0,1
64,92.59,1,0,1,0,0
67,58.79,0,3,1,0,0
43,42.55,1,0,1,0,0
68,50.3,1,0,1,0,0
19,63.01,2,1,0,0,0
26,45.56,2,2,0,0,0
33,62.93,0,1,0,0,0
41,59.32,0,2,1,1,0
48,57.26,0,2,1,1,0
48,62.62,1,0,1,0,0
31,55.73,0,3,1,0,0
67,83.11,2,2,1,1,0
5,65.44,0,1,1,0,0
20,78.74,1,1,0,0,0
38,34.84,1,1,1,0,0
65,63.98,0,2,1,1,0
7,53.96,2,0,1,0,1
30,24.6,4,1,1,0,0
17,103.98,2,3,0,0,0
69,37.2,2,1,0,0,0
59,79.74,0,2,0,0,0
39,78.36,3,2,1,0,1
44,86.4,0,2,0,0,0
42,54.66,1,0,0,1,0
57,15.0,1,1,1,0,0
69,75.98,2,3,1,0,0
49,61.4,0,2,0,0,0
55,76.58,1,0,1,1,0
47,60.39,0,1,0,0,0
70,89.23,1,0,1,0,0
18,73.88,2,2,0,0,0
29,56.62,1,0,1,0,1
51,111.48,0,3,1,0,0
30,51.81,1,1,1,0,0
9,20.13,1,3,0,0,0
52,66.06,0,2,0,1,0
2,73.27,2,0,1,1,1
6,75.09,1,0,0,0,1
25,53.05,1,1,1,1,0
71,63.47,0,1,1,1,0
12,47.04,2,3,1,0,0
65,55.5,0,0,0,0,0
50,77.01,3,2,0,1,0
43,53.42,0,2,1,1,0
21,78.08,1,3,1,0,0
13,58.87,0,1,0,1,0
3,65.51,2,1,0,0,0
25,57.33,2,2,0,0,0
56,86.53,1,0,1,1,0
67,66.04,2,1,0,1,0
67,48.11,0,0,0,0,0
8,66.18,0,2,1,1,0
51,87.22,1,1,1,0,0
27,68.92,0,3,0,0,0
68,42.63,1,3,0,0,0
10,48.57,4,2,1,0,0
56,43.02,1,0,1,0,0
21,90.56,1,1,1,0,1
66,67.09,1,2,0,1,0
5,80.82,3,0,0,0,1
48,79.79,0,1,1,0,0
39,56.86,1,1,1,0,1
56,85.22,0,1,1,1,0
20,61.01,1,1,1,0,0
57,69.66,2,0,1,0,0
35,22.98,2,0,1,0,1
9,61.07,3,2,1,0,1
1,54.7,0,2,1,0,0
23,47.56,1,0,1,0,0
20,66.8,2,1,1,1,1
44,37.41,1,3,0,1,0
66,57.22,2,2,0,0,0
23,15.0,0,2,1,0,0
53,57.86,1,1,0,0,0
62,48.41,3,0,1,1,1
24,96.68,0,3,1,0,0
4,65.88,1,2,1,0,0
59,73.99,2,3,1,1,0
10,15.0,2,0,1,1,0
68,53.35,1,1,1,0,0
24,38.74,2,0,1,0,0
31,88.11,1,2,1,1,0
25,81.17,1,0,1,0,1
70,64.33,1,2,1,0,0
60,65.17,1,0,0,0,0
58,63.93,1,3,0,1,0
2,60.72,1,1,0,0,0
19,74.72,2,3,0,0,0
59,73.55,1,3,1,0,0
38,58.76,0,1,1,1,0
70,47.29,1,1,1,0,0
24,93.97,1,1,0,0,1
4,53.27,0,2,1,0,0
25,47.35,0,0,0,0,0
68,108.13,4,1,1,0,1
50,64.07,1,1,0,0,0
47,59.01,2,1,1,0,0
28,35.07,0,3,1,1,0
10,41.42,2,2,1,0,1
25,89.56,1,0,1,0,1
60,55.86,1,2,0,0,0
35,85.34,0,1,0,0,0
9,40.98,1,3,1,0,0
53,78.96,0,2,0,0,0
28,65.74,1,2,1,0,1
25,54.72,1,2,0,0,1
17,27.73,2,0,0,1,0
35,89.91,0,0,1,0,0
28,66.04,0,0,1,0,1
12,62.94,0,0,1,0,1
11,81.18,2,1,1,1,1
26,43.54,2,1,0,0,0
27,91.98,1,2,1,0,1
24,79.92,3,2,1,0,1
41,75.05,2,0,1,1,0
34,75.99,0,0,1,0,0
33,50.79,3,0,1,1,1
22,60.75,0,1,0,0,0
38,72.97,1,1,1,0,1
45,54.0,3,3,1,0,0
64,91.23,1,3,0,1,0
20,80.62,1,3,1,0,0
61,92.03,0,3,0,0,0
40,34.24,1,3,1,1,0
9,95.03,2,0,1,0,1
4,54.45,2,3,1,0,1
53,48.95,0,0,0,0,0
62,58.41,1,3,0,0,0
57,92.47,1,1,1,0,0
3,73.39,0,3,0,0,0
65,72.24,0,0,1,1,0
16,84.89,4,0,1,1,1
28,85.78,0,2,1,0,0
38,87.2,1,2,1,0,0
66,83.02,3,3,1,0,0
57,70.36,1,1,1,0,0
40,74.53,1,1,0,0,0
15,37.08,2,0,1,0,0
34,61.11,3,0,1,0,0
8,20.28,0,3,0,0,0
37,62.19,0,2,1,0,0
57,66.05,0,2,0,1,0
30,48.91,0,0,0,0,0
7,53.53,2,2,0,0,0
49,84.89,0,2,1,0,0
1,56.86,4,3,1,0,1
38,64.16,0,2,1,0,0
57,101.67,0,0,0,0,0
63,70.24,3,0,0,0,0
14,82.04,3,1,0,0,1
34,72.64,1,1,1,1,1
33,74.93,0,3,0,0,0
4,86.16,2,3,1,1,0
58,59.2,1,1,0,0,0
12,78.41,0,2,1,0,0
7,53.83,0,0,0,0,0
30,55.21,1,1,1,1,0
43,75.62,0,1,1,0,0
34,51.06,3,0,1,1,1
22,15.0,2,0,1,1,1
58,58.47,0,2,0,0,0
42,88.61,1,1,1,0,1
42,42.97,2,0,1,0,1
5,74.54,1,0,0,1,1
13,55.45,1,1,1,1,1
45,32.67,0,2,0,0,0
22,56.31,1,3,1,0,0
32,17.15,2,3,1,0,0
39,86.11,2,0,1,0,1
58,54.67,1,2,0,0,0
57,69.8,0,1,0,0,0
35,62.14,1,3,1,0,0
51,32.75,0,0,0,0,0
31,54.25,0,0,0,0,0
46,85.48,0,1,0,0,0
40,78.08,0,1,0,0,0
19,54.58,1,3,1,1,0
3,47.62,1,2,1,0,0
41,60.42,1,0,0,0,0
61,36.18,1,0,0,0,0
18,66.87,0,0,1,1,1
47,29.45,0,3,1,1,0
5,46.98,2,1,0,0,0
27,78.49,3,1,1,0,1
54,61.73,2,0,1,0,0
55,48.79,2,1,1,0,0
47,64.62,1,0,1,0,1
24,56.5,1,0,0,1,0
71,66.7,0,0,1,0,0
27,83.17,1,0,1,0,1
54,59.77,1,1,1,0,0
37,28.17,3,3,1,1,0
18,70.14,2,3,1,0,1
61,45.94,0,2,1,1,0
2,84.45,1,0,0,0,0
30,81.15,1,0,1,1,1
31,61.49,0,0,1,1,0
49,70.88,1,1,0,0,0
25,32.94,0,0,1,0,1
44,27.47,0,1,0,0,0
37,55.03,2,3,0,0,0
25,68.6,3,1,0,0,0
27,88.64,3,2,1,0,1
66,48.62,1,3,0,0,0
4,43.61,2,1,0,0,0
63,45.04,2,0,0,0,0
5,47.16,0,3,0,0,0
43,65.35,1,3,1,0,0
26,33.74,0,2,1,0,0
26,76.87,2,3,0,0,0
42,35.95,0,0,1,0,0
71,106.49,1,2,1,0,0
13,59.32,0,1,1,1,1
62,63.75,0,3,1,0,0
13,29.24,3,3,0,1,0
38,67.61,2,2,1,0,0
17,24.24,2,1,1,0,0
61,78.5,2,3,0,1,0
53,49.24,2,0,1,0,0
68,66.81,2,1,1,1,0
55,71.93,1,1,1,0,0
44,80.29,1,1,0,0,0
35,88.49,6,1,1,0,1
8,84.13,1,0,1,0,1
4,76.6,1,1,0,0,0
63,49.85,0,2,1,0,0
67,39.52,2,1,0,0,0
68,76.6,1,2,1,0,0
62,68.4,1,2,1,1,0
41,51.68,3,3,1,0,0
22,60.85,0,2,0,0,0
5,80.44,1,0,1,0,1
1,79.78,3,3,0,1,1
10,50.08,0,2,1,0,1
35,36.04,0,1,1,0,0
16,24.15,1,0,1,0,0
12,52.85,1,2,1,0,0
22,55.74,2,3,0,0,0
27,35.82,1,0,1,0,1
43,82.88,6,0,1,0,1
29,99.3,0,0,1,0,1
66,46.84,3,1,1,0,1
23,76.53,1,0,1,0,1
21,59.71,1,3,0,0,0
65,73.27,2,1,0,1,0
12,65.44,0,1,1,1,1
28,60.42,6,2,0,1,1
52,80.66,0,3,0,0,0
8,75.88,0,1,1,0,0
41,53.93,0,1,0,1,0
41,71.65,0,3,1,0,0
51,50.25,3,1,0,0,0
64,61.32,1,0,1,0,0
57,74.05,1,3,1,0,0
17,71.31,1,1,0,0,1
35,31.56,0,3,0,0,0
37,73.69,0,1,0,0,0
19,38.58,1,3,0,0,0
27,66.48,0,2,0,0,0
51,76.01,0,3,1,0,0
48,32.66,3,2,0,1,1
34,41.04,1,1,1,0,1
23,78.21,1,2,1,0,0
37,68.37,1,1,1,1,1
19,21.26,1,2,1,0,0
23,81.01,1,0,0,0,1
69,50.04,3,2,1,0,0
34,39.03,1,2,0,0,0
59,67.21,1,2,0,0,0
49,49.69,0,2,0,0,0
50,62.96,3,0,0,0,0
9,67.26,2,1,1,0,0
47,109.94,1,0,1,0,1
55,80.4,0,0,1,0,0
67,67.23,0,0,1,0,0
43,64.12,1,0,0,0,0
5,68.99,1,3,1,0,1
67,71.76,2,1,1,0,0
32,49.85,2,1,0,1,1
69,72.2,2,0,0,0,0
45,48.58,1,2,1,1,0
27,50.97,0,0,0,0,0
10,60.38,1,2,1,1,0
5,82.18,0,0,0,0,0
71,78.39,0,2,0,1,0
40,15.0,1,2,1,0,0
49,85.95,1,2,1,0,1
25,63.29,2,1,1,0,1
54,63.66,1,1,1,0,0
18,90.81,0,2,1,0,0
69,47.91,2,3,0,0,0
11,41.51,2,0,1,0,1
42,23.02,1,0,1,0,0
8,38.8,0,0,1,0,0
65,78.17,0,1,1,1,0
52,46.02,1,1,1,0,0
27,41.54,1,0,0,1,0
40,69.62,2,1,1,1,0
66,41.93,1,1,1,0,0
19,46.92,3,0,1,0,1
37,45.93,0,3,1,0,0
16,69.63,2,0,0,0,0
56,48.1,1,2,1,0,0
34,51.79,2,0,1,0,1
20,58.03,2,0,1,0,0
47,25.45,3,0,1,0,0
34,56.62,0,0,1,1,0
13,25.95,0,3,0,1,0
40,37.88,0,2,1,1,0
42,52.06,0,2,0,0,0
37,63.65,0,1,1,0,0
51,56.28,0,2,1,0,0
66,82.1,1,3,1,0,0
3,63.58,2,3,0,0,1
33,72.48,0,3,1,1,0
70,51.85,1,2,0,0,0
63,48.54,2,3,1,0,0
68,94.19,1,1,1,0,1
8,28.91,2,1,1,1,1
23,84.2,1,1,0,1,1
15,46.38,1,1,0,0,0
22,74.31,4,1,1,0,1
13,35.78,0,3,1,1,0
69,70.89,0,1,1,0,0
13,67.37,3,3,0,0,0
37,19.64,0,3,0,0,0
42,48.5,0,3,0,0,0
46,73.81,1,3,1,0,0
8,81.14,3,3,0,0,1
15,67.0,3,0,1,0,1
48,50.02,0,2,0,1,0
35,60.15,2,1,0,0,0
62,35.64,1,0,1,0,0
11,41.62,0,1,1,0,1
66,65.57,2,3,0,0,0
25,61.09,1,2,0,1,0
4,75.03,2,0,1,0,1
39,64.72,5,1,1,0,1
18,72.65,1,1,1,1,1
1,59.21,3,2,1,0,1
32,73.24,2,0,1,1,1
12,109.51,3,2,0,0,1
2,41.99,2,0,0,1,1
23,64.05,0,0,0,1,0
48,52.27,0,3,1,0,0
12,71.2,1,3,1,1,1
33,70.56,1,2,0,1,0
45,45.62,2,1,0,0,0
31,64.63,1,1,1,0,0
17,65.74,0,0,1,0,0
12,59.49,2,2,0,0,0
36,67.89,0,0,0,0,0
5,88.99,1,1,0,0,0
67,73.77,0,2,1,0,0
63,56.76,0,1,1,0,0
49,66.61,1,2,0,0,0
43,101.2,1,3,1,1,0
10,49.8,0,1,1,0,0
25,84.01,3,3,1,0,0
11,48.88,1,0,1,1,0
63,30.57,2,2,0,0,0
13,48.43,2,1,1,0,0
9,68.66,1,2,0,0,0
23,57.33,1,3,1,0,0
29,48.19,1,2,1,0,0
26,46.56,2,3,0,0,0
6,43.04,2,3,1,0,1
25,41.04,2,2,0,0,0
57,49.98,2,3,1,0,0
37,15.0,3,0,0,1,0
63,70.31,0,0,0,1,0
49,67.53,2,2,1,0,0
21,63.8,2,3,1,0,0
11,79.72,0,2,0,0,0
59,50.13,1,1,0,0,0
53,61.64,1,2,1,0,1
68,15.0,1,3,1,0,0
60,65.46,0,0,1,0,0
17,53.88,2,2,1,1,1
35,73.62,1,2,1,0,0
69,78.37,1,0,1,1,0
69,58.23,1,2,1,0,0
24,36.87,0,2,0,0,0
23,68.3,0,0,1,0,1
51,78.27,3,0,1,0,0
46,79.57,2,0,1,0,1
39,51.34,1,0,0,0,0
9,43.51,2,3,1,0,0
25,56.26,0,3,0,1,0
28,41.14,1,3,0,0,0
43,19.23,0,1,1,0,0
61,68.65,0,0,1,0,0
1,70.08,1,1,1,0,1
71,74.33,0,2,0,0,0
36,44.62,0,1,0,0,0
40,60.63,0,0,1,0,0
36,37.54,0,1,1,0,0
32,32.29,2,2,0,0,0
46,70.55,1,3,0,0,0
30,25.49,3,0,0,0,0
55,54.55,0,2,1,0,0
7,107.53,3,0,0,0,1
63,85.18,1,3,1,0,0
23,74.55,2,2,1,0,1
57,73.23,1,0,0,0,0
37,57.39,1,0,1,0,0
62,49.72,1,0,1,0,0
7,101.0,1,3,1,0,1
27,57.56,1,3,1,0,0
16,49.8,2,1,1,0,0
8,74.54,0,3,0,0,1
5,60.32,0,1,1,0,1
47,87.07,1,2,1,0,0
37,49.09,2,1,1,0,1
4,45.31,1,0,1,0,1
23,53.66,0,0,1,0,0
68,93.08,1,1,1,1,0
51,79.97,0,0,1,0,0
35,66.88,1,2,1,0,0
38,63.55,2,2,0,0,0
19,68.55,2,2,1,0,0
10,42.72,6,1,0,0,1
3,71.86,1,1,1,0,1
23,52.17,2,0,1,0,1
60,66.48,1,2,1,0,0
22,62.36,2,3,1,1,1
60,67.93,1,1,0,1,0
70,52.92,0,3,1,0,0
10,80.71,2,3,0,0,1
30,69.05,1,0,1,1,1
55,46.89,1,3,0,0,0
20,70.67,3,0,0,0,0
7,55.34,1,1,1,0,1
26,69.6,1,3,1,1,0
50,78.72,3,2,0,0,0
4,52.52,2,0,1,0,1
38,61.47,0,1,1,0,0
63,63.43,4,2,1,0,0
46,62.87,2,2,1,0,0
64,102.05,3,3,0,0,0
10,69.02,1,0,1,1,1
49,39.75,0,3,0,0,0
57,64.34,1,2,0,0,0
11,51.43,0,1,1,0,1
56,110.08,2,1,1,0,1
63,49.8,1,2,0,0,0
60,40.49,0,2,1,0,0
68,76.62,3,2,0,0,0
29,51.99,0,0,1,0,1
11,54.74,2,2,1,0,0
19,57.66,0,1,1,0,0
60,49.02,2,1,0,0,0
40,54.15,2,0,1,0,0
70,19.14,2,1,0,0,0
50,60.32,0,3,1,1,0
3,74.99,2,1,0,0,1
54,99.02,0,1,0,1,0
3,63.67,1,1,0,0,0
32,78.68,3,1,0,0,0
50,48.25,0,1,0,1,0
44,91.15,3,3,1,0,1
28,106.53,2,1,0,0,0
46,69.13,1,3,0,0,0
52,55.91,2,2,1,0,0
42,63.63,1,0,1,0,1
24,93.07,2,0,1,0,1
51,38.27,0,2,0,0,0
54,87.8,2,0,1,0,1
22,43.21,2,0,1,0,1
56,46.51,0,0,0,1,0
17,68.02,1,2,1,0,1
69,75.41,1,0,1,0,0
21,81.74,0,1,1,1,1
44,90.78,1,3,1,0,0
57,40.58,2,1,1,0,0
11,64.25,0,2,0,0,0
69,77.96,0,1,0,0,0
26,68.19,0,1,0,0,0
23,84.97,0,2,1,0,0
42,63.6,3,2,1,0,1
47,57.04,1,0,1,0,0
64,18.86,2,0,1,1,0
42,25.97,2,1,0,0,0
33,78.3,1,2,1,0,0
63,40.28,1,3,1,1,0
5,68.85,0,2,1,1,0
2,75.58,0,3,1,0,0
31,60.49,1,0,1,1,1
45,82.65,0,0,1,0,1
49,50.11,2,0,1,0,0
62,74.38,1,0,0,0,0
18,60.33,2,1,0,0,0
69,33.58,2,2,1,0,0
38,23.39,0,1,1,1,0
30,58.95,2,0,1,0,1
48,94.69,2,0,1,0,1
35,85.57,2,3,1,0,1
63,72.06,2,1,0,0,0
60,78.38,1,0,0,0,0
69,80.43,0,1,1,0,0
67,57.89,1,0,0,0,0
61,88.48,0,2,1,0,0
17,67.88,1,2,0,0,0
52,52.7,1,2,0,1,0
64,138.67,0,0,0,1,0
11,75.85,1,1,1,0,1
9,60.37,2,2,1,0,1
57,77.84,0,1,1,0,0
4,38.83,0,0,1,0,0
57,38.63,0,1,0,0,0
3,100.53,2,0,1,1,1
66,75.02,0,2,0,0,0
6,41.4,0,3,0,0,0
4,30.64,1,3,1,0,0
7,60.5,2,3,1,0,1
57,41.91,0,2,1,0,0
17,88.58,1,1,0,0,1
58,24.39,1,1,1,0,0
21,86.55,2,2,1,0,1
53,42.15,2,1,1,0,0
69,37.52,1,3,1,0,0
16,63.02,0,3,0,0,0
57,37.08,1,3,1,0,0
17,50.53,0,3,0,0,0
8,51.02,3,2,1,0,1
46,15.0,1,0,0,0,0
14,38.46,0,3,1,0,0
7,68.73,0,1,0,0,0
50,20.77,2,0,0,1,0
23,34.82,2,2,0,0,0
43,43.62,1,2,1,0,0
58,80.06,3,1,1,0,0
32,80.07,3,1,1,1,0
59,91.41,1,0,0,0,0
31,42.65,0,2,0,1,0
60,77.99,0,0,1,0,0
53,66.48,0,1,0,0,0
54,35.93,0,2,0,0,0
35,72.11,1,3,1,0,0
57,61.57,0,3,0,0,0
52,48.52,1,2,1,0,1
2,40.17,1,2,1,0,1
1,29.54,0,2,1,0,0
52,71.65,4,0,1,0,1
8,70.52,1,2,0,0,0
45,55.95,1,2,1,0,0
14,54.05,0,0,1,1,1
69,49.75,2,3,0,0,0
43,76.84,2,2,1,1,1
18,65.56,4,1,0,0,1
42,26.15,1,0,1,0,0
21,63.38,0,1,0,1,0
62,71.06,0,3,1,0,0
62,49.68,1,0,1,1,0
63,52.2,2,0,1,1,0
56,49.9,2,1,0,0,0
58,74.28,0,2,1,1,0
40,53.65,2,1,1,0,1
24,61.09,1,2,1,0,0
7,63.39,0,3,1,0,0
5,92.52,0,0,1,1,1
47,31.66,1,2,1,1,0
63,108.22,1,3,0,1,0
46,37.62,2,0,0,1,1
67,57.33,1,2,1,1,0
10,45.55,1,2,0,0,0
2,64.35,1,2,1,0,1
62,72.74,4,2,1,0,1
1,108.32,1,3,1,0,1
68,85.6,0,2,1,0,0
13,48.22,0,1,0,0,0
19,66.18,0,2,1,0,0
26,64.2,2,3,1,0,0
45,48.52,4,1,1,0,1
51,73.66,1,0,1,0,1
29,67.18,1,2,0,0,0
33,52.96,2,3,0,0,0
62,48.07,3,0,1,0,1
47,76.03,1,0,0,0,0
58,59.53,2,1,1,1,0
58,85.71,2,3,0,0,0
17,79.14,2,2,0,0,0
13,37.69,3,0,1,0,1
45,19.85,3,2,1,0,0
23,62.73,1,2,0,0,0
37,48.34,1,0,1,0,0
69,41.12,1,2,1,0,0
56,47.4,3,3,1,0,0
39,90.79,1,0,1,0,0
46,57.45,2,2,0,0,0
35,99.87,0,3,1,0,0
52,77.5,1,0,0,0,0
40,27.13,2,0,0,0,0
14,70.82,1,2,1,0,1
39,91.73,3,1,1,0,1
38,26.29,3,3,0,0,0
52,36.53,1,3,1,0,0
56,59.74,1,1,1,0,0
62,50.94,1,0,1,0,0
67,95.87,3,2,1,0,0
45,44.7,4,1,1,0,1
60,96.08,0,2,0,0,0
45,33.92,1,0,1,0,0
13,44.81,1,3,0,0,0
42,68.62,1,0,1,0,0
30,72.4,1,2,0,0,0
17,65.08,1,1,0,0,0
2,94.31,1,2,1,0,1
55,98.5,1,1,0,0,0
14,101.63,3,2,1,1,1
15,60.21,1,1,0,0,0
2,79.73,3,0,0,0,1
19,56.71,2,1,0,0,1
50,90.93,2,1,0,1,0
25,15.75,2,1,0,0,0
21,49.18,3,3,1,0,0
38,57.94,2,1,1,0,1
45,52.46,1,2,0,0,0
59,94.21,3,1,0,1,1
12,34.36,2,3,1,0,0
26,45.86,0,3,0,0,0
4,38.15,2,1,0,0,0
43,61.44,1,1,1,0,0
56,44.04,1,2,1,0,0
31,81.21,0,2,0,1,0
28,80.21,2,3,1,0,1
32,19.86,1,0,0,0,0
19,19.52,0,3,1,0,0
69,78.7,0,1,1,0,0
70,70.12,0,1,0,0,0
46,30.27,1,3,0,0,0
8,61.55,1,3,0,1,0
2,37.36,0,3,1,0,0
15,78.37,2,3,1,1,1
62,35.73,0,3,1,1,0
57,49.8,4,3,0,1,0
36,71.75,1,3,1,1,0
34,63.21,0,0,0,0,0
69,83.35,0,2,1,0,0
11,70.61,0,0,0,0,0
9,32.15,0,2,0,0,0
52,66.97,1,2,1,0,0
69,39.55,1,2,1,0,0
29,91.27,0,0,1,0,1
47,93.92,1,3,0,0,0
4,85.03,2,0,0,1,1
45,106.36,0,0,1,0,1
59,78.3,1,1,1,0,0
36,91.86,0,3,1,0,0
24,81.2,0,0,1,0,0
69,80.03,0,3,0,0,0
55,79.68,3,3,1,0,1
60,68.13,1,1,1,1,0
55,98.46,1,2,1,0,0
38,40.35,1,2,1,0,0
28,30.72,1,2,0,0,0
27,46.74,1,3,1,0,0
11,94.09,0,3,0,0,0
28,56.82,1,3,0,0,1
51,45.83,0,3,1,1,0
34,45.18,0,1,0,0,0
62,71.47,2,0,1,0,0
13,61.04,1,3,1,0,0
29,86.25,0,2,0,1,0
17,55.65,0,3,1,0,0
4,80.46,2,2,0,0,0
47,44.81,2,2,1,0,0
40,73.0,1,1,1,0,0
55,123.23,2,1,0,0,0
64,58.22,2,2,1,0,0
65,59.68,0,2,0,0,0
6,81.76,2,3,1,0,1
12,42.38,3,3,1,0,1
27,53.03,1,3,1,0,1
22,51.31,3,3,0,0,0
15,67.36,1,2,0,0,0
14,34.73,2,2,1,1,1
26,90.98,2,3,0,0,0
45,65.0,1,3,0,0,0
68,65.98,0,0,1,1,0
22,59.0,5,1,1,0,1
67,61.61,0,2,1,0,0
23,15.88,2,3,1,0,1
8,87.89,1,2,0,1,1
5,44.63,2,1,0,0,0
39,78.86,1,3,1,0,0
55,59.24,0,0,1,0,0
42,58.13,2,1,1,1,0
67,72.33,0,0,1,1,0
57,96.09,3,3,1,0,0
10,60.43,1,1,0,1,0
44,50.73,1,2,1,1,0
35,71.74,0,2,0,1,0
43,15.0,1,1,1,0,0
56,45.06,0,0,1,1,0
69,42.42,1,2,0,1,0
62,55.01,0,3,1,0,0
62,34.82,2,0,1,1,0
25,79.22,1,1,1,0,0
59,56.07,1,1,1,0,0
5,65.05,1,1,1,0,1
41,62.55,1,2,1,0,0
55,55.95,1,1,1,0,1
21,49.12,0,3,0,0,0
51,88.16,5,3,0,1,1
71,78.89,2,1,1,1,0
29,92.25,1,3,1,0,0
62,59.05,0,1,1,1,0
70,67.84,0,3,1,0,0
67,69.46,0,3,0,0,0
51,55.67,1,0,0,0,0
3,61.52,1,3,0,0,0
41,29.77,1,0,0,0,0
47,38.4,0,1,1,1,0
42,43.78,1,1,0,0,0
32,39.34,0,3,1,1,0
6,70.93,1,0,0,0,1
17,69.55,1,3,1,0,0
69,70.42,1,2,0,1,0
37,57.03,0,1,0,1,0
71,82.52,0,2,1,0,0
6,80.65,1,1,1,1,1
12,73.7,1,3,0,0,0
49,55.54,3,2,1,0,0
55,93.21,1,3,0,0,0
48,38.4,2,2,1,0,0
42,29.5,2,2,1,0,1
8,36.11,0,0,0,0,0
28,86.41,1,0,1,0,1
47,64.15,3,2,1,0,0
42,50.42,1,2,1,0,0
38,15.63,0,0,1,0,0
9,57.69,1,1,1,0,0
27,42.32,2,1,0,1,0
25,20.31,1,2,1,0,0
2,84.07,0,2,1,0,1
24,62.87,2,0,1,1,0
29,90.08,1,0,1,0,1
49,61.89,0,3,0,0,0
50,73.5,2,3,1,0,0
38,48.39,1,2,1,0,1
14,74.77,4,1,0,1,1
2,54.18,1,0,0,1,1
23,74.47,0,1,1,0,1
21,66.54,2,2,1,0,1
50,40.32,2,2,0,1,0
28,62.74,1,3,0,0,0
71,65.66,1,0,1,0,0
26,48.28,2,1,1,1,0
14,60.04,2,1,0,0,1
56,80.96,2,1,1,0,1
44,87.08,1,3,1,0,0
59,63.63,1,3,0,0,0
11,16.8,0,1,1,0,1
68,77.41,0,2,1,1,0
20,99.22,1,0,0,1,1
67,57.71,1,3,0,0,0
4,45.18,0,2,1,0,1
35,68.46,1,3,0,0,0
46,66.63,0,1,1,0,0
40,80.09,1,1,0,0,0
38,49.82,2,1,1,0,0
43,97.42,0,3,0,0,0
3,80.76,1,0,0,0,0
37,42.12,0,2,0,1,0
51,83.22,1,1,0,0,0
3,59.88,1,1,1,0,1
14,76.35,0,3,0,0,0
8,69.77,5,1,1,0,1
38,63.54,1,2,1,0,1
57,68.81,0,0,0,1,0
29,54.01,0,2,1,0,0
54,47.73,4,1,0,0,0
49,57.76,1,2,0,0,0
23,56.78,0,0,0,0,0
61,70.32,0,1,1,0,0
15,66.24,1,1,0,1,1
33,30.01,0,3,1,0,0
41,79.21,3,2,1,0,1
19,61.59,2,3,1,0,0
61,79.63,1,1,0,0,0
8,76.1,1,0,0,0,0
4,67.93,2,2,1,0,1
26,73.82,1,0,1,1,1
47,33.79,0,0,1,0,0
62,93.54,1,1,1,1,0
16,101.27,3,1,1,0,1
24,75.26,1,1,1,0,1
19,52.24,1,2,0,0,0
22,76.47,4,2,1,1,1
32,55.81,1,1,1,0,0
39,95.16,0,2,1,1,0
12,53.82,1,3,1,0,0
17,39.39,0,2,0,0,0
53,46.1,3,3,0,0,0
48,47.79,0,3,0,0,0
7,77.05,3,3,1,0,0
43,61.74,1,2,1,1,0
36,68.2,2,1,0,0,0
71,55.87,1,0,0,0,0
48,89.01,1,1,1,0,1
66,63.0,0,0,0,1,0
59,67.12,0,2,1,0,1
69,94.18,0,0,0,0,0
40,68.71,0,3,1,0,1
50,52.31,1,0,1,0,1
10,57.87,2,2,1,0,0
51,85.51,0,1,1,1,0
58,70.38,1,2,0,0,0
